ab-wv;ab-AF;ab-AT;fl-LTwv;fl-LTAF;fl-LTAT;fl-RTwv;fl-RTAF;fl-RTAT
800;-0,019468872;0,001335126;602,3083;274,328125;0,005623602;602,3083;-3320,9375;7,41E-05
799,5999756;-0,021547344;0,00103722;603,30982;-217,0898438;0,005312081;603,30982;2682,324219;0,00028083
799,2000122;-0,021238681;0,000922987;604,31134;1636,652344;0,004993302;604,31134;4961,625;7,94E-05
798,7999878;-0,018930795;0,001516975;605,31286;1474,660156;0,004694658;605,31286;-1488,488281;0,000142807
798,4000244;-0,018655233;0,001071343;606,31438;-564,5585938;0,004300855;606,31438;6216,191406;0,000145404
798;-0,019348515;0,000173186;607,3159;-2649,757813;0,004456024;607,3159;44,76953125;0
797,5999756;-0,020213738;0,001647839;608,31742;-751,40625;0,004141585;608,31742;2398,667969;0,000113515
797,2000122;-0,020430133;0,001016047;609,31894;6270,945313;0,00413363;609,31894;2025,554688;0,00024643
796,7999878;-0,021894284;0,000601722;610,32046;-3248,597656;0,003530848;610,32046;46;0,00024871
796,4000244;-0,019141637;0,000488406;611,32198;3333,640625;0,003659245;611,32198;-357,2070313;0,000147368
796;-0,018936446;0,000328876;612,3235;1746,082031;0,003272001;612,3235;861,5234375;1,09E-05
795,5999756;-0,019641006;0,002549731;613,32502;3220,675781;0,003144753;613,32502;2914,746094;0,000223002
795,2000122;-0,020724513;0,001987978;614,32654;6200;0,00307377;614,32654;2519,511719;0,000121912
794,7999878;-0,02105909;0,001905109;615,32806;12525,17188;0,002714062;615,32806;-1615,695313;0,000300535
794,4000244;-0,018770576;0,001296854;616,32958;10262,74219;0,002837419;616,32958;2161,96875;0,000399547
794;-0,020267451;0,00085207;617,3311;14149,375;0,002817454;617,3311;2606,019531;0,000431767
793,5999756;-0,02000742;0,000980631;618,33262;20799,70703;0,00250546;618,33262;49,26171875;0,000470074
793,2000122;-0,020033425;0,001402512;619,33414;20600,19531;0,002320212;619,33414;6570,222656;0,000529296
792,7999878;-0,019612256;0,001550668;620,33566;29003,80469;0,002299983;620,33566;8806,207031;0,000412445
792,4000244;-0,02098377;0,000844833;621,33718;31120,1875;0,002003459;621,33718;7110,738281;0,000685861
792;-0,019192612;0,00167003;622,3387;45419,57422;0,002086616;622,3387;7185,34375;0,000653248
791,5999756;-0,01828187;-0,000869725;623,34022;46423,66016;0,002286218;623,34022;7736,949219;0,000615614
791,2000122;-0,019945862;0,001814223;624,34174;39479,36328;0,002199639;624,34174;4623,636719;0,000752031
790,7999878;-0,020400347;4,76E-06;625,34326;49914,12891;0,001870322;625,34326;12539,91797;0,000844669
790,4000244;-0,020841429;0,001371194;626,34478;59830,11719;0,001969296;626,34478;4279,722656;0,001117012
790;-0,020061703;0,001368259;627,3463;57990,93359;0,001731487;627,3463;6670,152344;0,000867169
789,5999756;-0,020502882;0,000131961;628,34782;59609,9375;0,001722366;628,34782;15211,35547;0,000933094
789,2000122;-0,018674525;0,002395767;629,34934;77914,07031;0,001722384;629,34934;-910,0664063;0,001294797
788,7999878;-0,020415166;0,000991113;630,35086;78888,5625;0,001496015;630,35086;15183,45703;0,001585912
788,4000244;-0,01840014;0,002395195;631,35238;77858,60938;0,001484523;631,35238;7932,683594;0,001768764
788;-0,020737594;0,001079154;632,3539;90954,89063;0,001237414;632,3539;7012,285156;0,001787681
787,5999756;-0,020019978;0,000735084;633,35542;89463,9375;0,001477382;633,35542;12130,09766;0,002318797
787,2000122;-0,020002032;0,001094257;634,35694;88520,17188;0,000952348;634,35694;22452,11328;0,002253317
786,7999878;-0,019617749;0,002035439;635,35846;85779,0625;0,000830629;635,35846;21697,33594;0,00297102
786,4000244;-0,021301635;0,000371156;636,35998;100841,2109;0,000878593;636,35998;10453,72656;0,003458322
786;-0,020719528;0,000387867;637,3615;98340,9375;0,000463702;637,3615;25723,85547;0,003869541
785,5999756;-0,021382272;0,001495727;638,36302;103380,9219;0,00058222;638,36302;33096,87109;0,00449308
785,2000122;-0,021923967;0,00052881;639,36454;94702,35938;0,00051733;639,36454;34547,30469;0,004594571
784,7999878;-0,020440752;0,001367065;640,36606;85015,14063;0,000423422;640,36606;56263,25;0,005581219
784,4000244;-0,020465743;0,000946775;641,36758;94380,42188;7,89E-05;641,36758;44377,17578;0,006315059
784;-0,019672675;0,001457597;642,3691;100844,2969;0;642,3691;63890,75391;0,008493909
783,5999756;-0,021361375;0,002339678;643,37062;89239,48438;0,000278416;643,37062;64436,80469;0,009095675
783,2000122;-0,01949887;0,000509735;644,37214;106590,0781;4,00E-05;644,37214;75914,03125;0,010182039
782,7999878;-0,020726142;0,00138854;645,37366;99193,64063;0,000101116;645,37366;112125,2813;0,012757158
782,4000244;-0,020356976;0,000706511;646,37518;105484,0781;0,000129017;646,37518;110899,1719;0,014359737
782;-0,021599563;0,001373037;647,3767;101177,6094;0,000353989;647,3767;128993,5;0,017232867
781,5999756;-0,019515352;0,001538744;648,37822;101935,3984;0,000326976;648,37822;136578;0,018733626
781,2000122;-0,019854918;0,000295926;649,37974;94195,46875;0,000503418;649,37974;177177,0625;0,021232599
780,7999878;-0,019725317;0,00132126;650,38126;102545,8359;0,000435035;650,38126;191017,9688;0,024698239
780,4000244;-0,019525796;0,002593868;651,38278;116124,0781;0,000622203;651,38278;226321,5;0,027341917
780;-0,021034872;0,00276804;652,3843;98833,11719;0,000827074;652,3843;278326,375;0,032676001
779,5999756;-0,018873546;-1,62E-05;653,38582;107792,9453;0,000483379;653,38582;274074,4063;0,035457948
779,2000122;-0,019591423;0,001967773;654,38734;100575,7031;0,000523844;654,38734;330520,1875;0,041100244
778,7999878;-0,019091353;0,000905762;655,38886;101597,5781;0,000530888;655,38886;351154,1875;0,045542098
778,4000244;-0,019985123;0,001448559;656,39038;124873,9531;0,000498756;656,39038;423781,1563;0,051096596
778;-0,020354556;0,002197548;657,3919;104824,4375;0,000195375;657,3919;488645,3438;0,056545126
777,5999756;-0,020438826;0,000738948;658,39342;99016,65625;0,000188243;658,39342;483508,4375;0,064910949
777,2000122;-0,02041818;0,000118626;659,39494;96031,96094;0,000186871;659,39494;591370,25;0,073147129
776,7999878;-0,020660095;0,000192039;660,39646;111791,1797;0,000242049;660,39646;633309,9375;0,083395994
776,4000244;-0,020472806;0,002277741;661,39798;109415,6563;0,000639384;661,39798;705113,1875;0,095607231
776;-0,019614385;0,001366571;662,3995;114937,0156;0,000850164;662,3995;822968,625;0,110809316
775,5999756;-0,01941902;0,000458398;663,40102;109299,8125;0,000759069;663,40102;950471,5625;0,125100228
775,2000122;-0,020809995;0,000944155;664,40254;98070,89063;0,001034006;664,40254;1139426,625;0,144235159
774,7999878;-0,020211317;0,000661994;665,40406;114047,2188;0,001407447;665,40406;1215567,375;0,164920347
774,4000244;-0,020794548;0,00152986;666,40558;112575,3047;0,002622619;666,40558;1408168,75;0,187128341
774;-0,019517975;0,001094413;667,4071;127445,4063;0,004150979;667,4071;1592289,625;0,218381499
773,5999756;-0,019928604;0,002136542;668,40862;158412,9688;0,005830285;668,40862;1824314;0,247936544
773,2000122;-0,019759947;0,000849606;669,41014;189088,7656;0,007834459;669,41014;2109664;0,283526696
772,7999878;-0,02129562;0,00250841;670,41166;213110,6875;0,011475989;670,41166;2371587,5;0,318285752
772,4000244;-0,019520352;0,001529652;671,41318;276934,1875;0,016804402;671,41318;2705507,25;0,362905549
772;-0,020290675;0,000906411;672,4147;365347,1875;0,022724904;672,4147;2967050,75;0,403795489
771,5999756;-0,019640908;0,00196499;673,41622;557407,4375;0,034384198;673,41622;3245688;0,447350235
771,2000122;-0,02100577;0,000493952;674,41774;750089,0625;0,049585484;674,41774;3585172,75;0,501576806
770,7999878;-0,019514164;0,0003181;675,41926;1034334,188;0,071897492;675,41926;4179055,5;0,555666682
770,4000244;-0,020305496;0,000623678;676,42078;1449585,375;0,099029282;676,42078;4531797;0,610236289
770;-0,020918945;0,000546641;677,4223;1895336,375;0,136123273;677,4223;5013122,5;0,675257321
769,5999756;-0,01964739;0,000842525;678,42382;2506319,5;0,184955961;678,42382;5570690,5;0,7310208
769,2000122;-0,02007594;0,001554072;679,42534;3089811,25;0,234607932;679,42534;5940051;0,802464223
768,7999878;-0,020432208;0,000945478;680,42686;3512038,75;0,286925428;680,42686;6222956;0,867010636
768,4000244;-0,021118864;0,001045887;681,42838;3989557,75;0,349136602;681,42838;6781217,5;0,917043729
768;-0,020707386;0,001147954;682,4299;4759664;0,422927555;682,4299;7104137;0,963067734
767,5999756;-0,019922422;0,001128384;683,43142;5199377,5;0,494722299;683,43142;7239742,5;0,988841188
767,2000122;-0,020778954;0,000848801;684,43294;5702687;0,552975445;684,43294;7394832,5;1
766,7999878;-0,020653035;3,68E-05;685,43446;6014914;0,577293353;685,43446;7139330;0,992125866
766,4000244;-0,0210036;0,001328141;686,43598;6138380;0,600618968;686,43598;7074521,5;0,955394055
766;-0,019752033;0,001147045;687,4375;5775103;0,572482586;687,4375;6679297;0,910703126
765,5999756;-0,020318689;0,001212871;688,43902;5347742;0,576538367;688,43902;6217636,5;0,856048445
765,2000122;-0,019166209;0,002640302;689,44054;5083867;0,585261731;689,44054;5960666;0,796044479
764,7999878;-0,020694995;0,000925321;690,44206;4947069,5;0,600164493;690,44206;5262157;0,724008136
764,4000244;-0,021230251;0,001353977;691,44358;5020653,5;0,645640597;691,44358;4853199;0,656183435
764;-0,020960091;0,001024895;692,4451;5008379,5;0,676093261;692,4451;4296472;0,598938775
763,5999756;-0,019479712;0,001722447;693,44662;4869504,5;0,717042546;693,44662;3911275,75;0,534458997
763,2000122;-0,019794971;0,000873572;694,44814;4836926;0,736066713;694,44814;3587520,25;0,492987434
762,7999878;-0,019860951;-0,000312849;695,44966;4755361;0,750797791;695,44966;3148100,5;0,444093718
762,4000244;-0,019849725;0,001046509;696,45118;4586839;0,752406253;696,45118;2996250,5;0,409804512
762;-0,021045921;0,001114785;697,4527;4134627,75;0,787987023;697,4527;2655562,5;0,377319144
761,5999756;-0,019612901;0,000225603;698,45422;3887064,25;0,779842124;698,45422;2510566,5;0,348419797
761,2000122;-0,019781267;0,001390644;699,45574;3509474,5;0,768614284;699,45574;2369697,75;0,323414113
760,7999878;-0,020084344;0,001485467;700,45726;3306936;0,767315588;700,45726;2152337;0,309600558
760,4000244;-0,020682162;0,001734064;701,45878;2913956;0,7426225;701,45878;2092517,5;0,287291378
760;-0,018313983;0,001408329;702,4603;2824331;0,738116819;702,4603;1830022,375;0,273890302
759,5999756;-0,021211023;0,001351718;703,46182;2634964,5;0,729899198;703,46182;1881016,875;0,260317023
759,2000122;-0,019627994;0,001765772;704,46334;2539490,75;0,712108997;704,46334;1692503,375;0,24700303
758,7999878;-0,020671399;0,001631027;705,46486;2309377;0,691725402;705,46486;1622553,375;0,237660768
758,4000244;-0,021014946;0,002050914;706,46638;2217715,5;0,677778599;706,46638;1547383,25;0,227818739
758;-0,020486733;0,001678216;707,4679;2259613;0,653228168;707,4679;1461111,5;0,219629159
757,5999756;-0,019554751;0,00079841;708,46942;2192946,25;0,652615051;708,46942;1358146,125;0,210693533
757,2000122;-0,021652564;0,000585106;709,47094;2052051,5;0,631032878;709,47094;1474890,25;0,205947666
756,7999878;-0,020134415;0,001763303;710,47246;2097437,25;0,647730141;710,47246;1357965,25;0,20015797
756,4000244;-0,020566585;0,002405138;711,47398;2141621,25;0,6510801;711,47398;1423808,875;0,20001516
756;-0,020615712;0,002100983;712,4755;2186230,75;0,652246338;712,4755;1309475,75;0,195588572
755,5999756;-0,020054189;0,001041631;713,47702;2223796;0,66688587;713,47702;1354002,75;0,191102218
755,2000122;-0,02097494;0,001016358;714,47854;2368286;0,691891249;714,47854;1246075,375;0,188742486
754,7999878;-0,020645285;0,001663664;715,48006;2335734,25;0,706651406;715,48006;1316907,625;0,186986227
754,4000244;-0,021280486;0,001505286;716,48158;2520426,25;0,737490345;716,48158;1226240,5;0,185682201
754;-0,019707952;0,001465363;717,4831;2716106,25;0,799024723;717,4831;1312437,5;0,184799793
753,5999756;-0,019621411;0,002364664;718,48462;2852353,5;0,777765463;718,48462;1293532,875;0,190859112
753,2000122;-0,019687073;0,002687392;719,48614;2971617,25;0,82972805;719,48614;1235699,125;0,184988963
752,7999878;-0,020665377;0,001607435;720,48766;3105232,75;0,85037456;720,48766;1245210,25;0,184695846
752,4000244;-0,020798596;0,00185059;721,48918;3483581,5;0,874057634;721,48918;1283613,375;0,181963023
752;-0,020418279;0,001522145;722,4907;3719026,25;0,917950201;722,4907;1305509,25;0,182455042
751,5999756;-0,019591324;0,001039815;723,49222;4040533,5;0,937766005;723,49222;1268604,375;0,181403878
751,2000122;-0,019581029;0,00160624;724,49374;4324683;0,96139618;724,49374;1254167,25;0,184502295
750,7999878;-0,020438677;0,001674266;725,49526;4567097,5;0,962814029;725,49526;1320863,375;0,183837514
750,4000244;-0,021085132;0,001841544;726,49678;5183904;0,974526474;726,49678;1330566,5;0,183355273
750;-0,021419283;0,001976042;727,4983;5378654,5;0,997364014;727,4983;1327303;0,185101924
749,5999756;-0,020956637;0,001007018;728,49982;5728202,5;1;728,49982;1355756,5;0,186646454
749,2000122;-0,020031745;0,002331766;729,50134;5982109;0,989104274;729,50134;1270037,125;0,187245193
748,7999878;-0,020676089;0,001655037;730,50286;6524420,5;0,994279284;730,50286;1344602,625;0,187511131
748,4000244;-0,020253122;0,001967252;731,50438;6614374;0,964488798;731,50438;1374604,125;0,187729853
748;-0,019410456;0,000577667;732,5059;7089084,5;0,982188976;732,5059;1425122,625;0,19013566
747,5999756;-0,020389086;0,002944314;733,50742;7219112;0,928429365;733,50742;1413561,125;0,187673407
747,2000122;-0,019555889;0,001795819;734,50894;7588796;0,953133811;734,50894;1435193,75;0,191346898
746,7999878;-0,020795437;0,000729665;735,51046;7730979,5;0,91312918;735,51046;1257106,5;0,191794452
746,4000244;-0,020470288;0,002168202;736,51198;7803562;0,908433201;736,51198;1282595,875;0,190203664
746;-0,019600231;0,002295202;737,5135;7988000;0,895164509;737,5135;1399829,875;0,196933561
745,5999756;-0,01937139;0,001099992;738,51502;8105580;0,867552695;738,51502;1364474,5;0,190513086
745,2000122;-0,018947052;0,002240635;739,51654;8091556;0,842080905;739,51654;1393322,375;0,193101034
744,7999878;-0,019384116;0,001869048;740,51806;8157200,5;0,847150328;740,51806;1289681,125;0,1892958
744,4000244;-0,020595765;0,001504429;741,51958;7885992,5;0,804244955;741,51958;1312963,125;0,187804898
744;-0,020717949;0,001678788;742,5211;7948033;0,757767302;742,5211;1403498,25;0,190010068
743,5999756;-0,020860231;0,002407767;743,52262;8018418,5;0,736567566;743,52262;1326910,125;0,190174386
743,2000122;-0,019749213;0,001347252;744,52414;7464820;0,724271554;744,52414;1343351,75;0,188054793
742,7999878;-0,021359896;0,002588452;745,52566;7543948,5;0,703605535;745,52566;1333040,125;0,183629688
742,4000244;-0,020073222;0,00240709;746,52718;7274630;0,670627783;746,52718;1273940,75;0,181829615
742;-0,019481594;0,002102986;747,5287;7111435,5;0,616288338;747,5287;1262242,625;0,174133149
741,5999756;-0,019803973;0,001588755;748,53022;6927524;0,612456141;748,53022;1162767,75;0,172907671
741,2000122;-0,019583059;0,001830626;749,53174;7007390;0,590212211;749,53174;1279352,875;0,168171159
740,7999878;-0,01964655;0,000930094;750,53326;6554880;0,571485612;750,53326;1155810,625;0,161508263
740,4000244;-0,019227333;0,001340708;751,53478;6099351;0,535266064;751,53478;1036870,563;0,156380028
740;-0,02013501;0,001951781;752,5363;5896156,5;0,501340555;752,5363;1095412,25;0,153038973
739,5999756;-0,019038782;0,001960986;753,53782;5715722;0,482898272;753,53782;1002129,125;0,146744056
739,2000122;-0,019774491;0,002672181;754,53934;5243743,5;0,467390963;754,53934;962644,0625;0,144177126
738,7999878;-0,019252146;0,001488844;755,54086;5133511;0,436420672;755,54086;1028683,813;0,143133401
738,4000244;-0,019408377;0,002530958;756,54238;4919819;0,427278405;756,54238;989799,8125;0,134839611
738;-0,019247342;0,002210453;757,5439;4753687;0,405220357;757,5439;982720,625;0,131870597
737,5999756;-0,01918409;0,002167681;758,54542;4480650;0,395420618;758,54542;852469,25;0,122303691
737,2000122;-0,018315323;0,002291481;759,54694;4249009;0,373946635;759,54694;770844;0,120028999
736,7999878;-0,018367039;0,00222864;760,54846;3940427,5;0,358687281;760,54846;744284,625;0,118352441
736,4000244;-0,018640008;0,001848017;761,54998;3699157,25;0,337093488;761,54998;739316,5;0,111719394
736;-0,017924877;0,002230852;762,5515;3606621;0,330529945;762,5515;695299,125;0,10984002
735,5999756;-0,018662177;0,002712528;763,55302;3353962,25;0,323029294;763,55302;706946,8125;0,101933241
735,2000122;-0,018681021;0,00248136;764,55454;3219487,75;0,305905951;764,55454;601163,5;0,104341615
734,7999878;-0,018413389;0,002176241;765,55606;2953642,5;0,287376932;765,55606;587291,5;0,096761305
734,4000244;-0,018531028;0,002993652;766,55758;2760468,25;0,284908344;766,55758;628897,3125;0,090379619
734;-0,017763888;0,002664003;767,5591;2685557,5;0,269582945;767,5591;469831,3438;0,087405784
733,5999756;-0,017954037;0,002296139;768,56062;2499648,25;0,261246566;768,56062;496095,9375;0,081937519
733,2000122;-0,017856214;0,002811287;769,56214;2384203,25;0,247736596;769,56214;436863,4688;0,080759912
732,7999878;-0,018483352;0,002898421;770,56366;2302389,25;0,243019532;770,56366;452509,625;0,075055439
732,4000244;-0,016868867;0,002852064;771,56518;2218936,25;0,242890046;771,56518;392233,6563;0,071178983
732;-0,017196624;0,002389572;772,5667;2067464,5;0,226332838;772,5667;388880,3438;0,069159201
731,5999756;-0,017424721;0,001931395;773,56822;1886414,25;0,216802245;773,56822;405431,125;0,063764058
731,2000122;-0,016845658;0,003347472;774,56974;1826438,5;0,210875535;774,56974;321466,6875;0,060670142
730,7999878;-0,016755607;0,003142352;775,57126;1701681,625;0,209738257;775,57126;364116,375;0,063002136
730,4000244;-0,016797995;0,003124205;776,57278;1684654,25;0,203346305;776,57278;294326,0313;0,057549515
730;-0,017002856;0,003143395;777,5743;1491604,125;0,199520496;777,5743;276676,6563;0,05481781
729,5999756;-0,016210316;0,003233621;778,57582;1568472,875;0,193181522;778,57582;263841,5313;0,055072417
729,2000122;-0,016578339;0,003846555;779,57734;1447955,375;0,187589542;779,57734;276064,6875;0,051478592
728,7999878;-0,016588604;0,003235681;780,57886;1498382,375;0,184147366;780,57886;260022,9531;0,049729271
728,4000244;-0,016810099;0,002703932;781,58038;1470823,5;0,178987644;781,58038;322514,7813;0,048143538
728;-0,01557509;0,003570724;782,5819;1339857,5;0,17248494;782,5819;260525,4375;0,047963023
727,5999756;-0,014875554;0,003868571;783,58342;1326598,625;0,161163133;783,58342;225118,2969;0,047141032
727,2000122;-0,014890112;0,003314579;784,58494;1274060,5;0,168007969;784,58494;239299,9063;0,044864403
726,7999878;-0,014965296;0,003584113;785,58646;1194971,25;0,164179255;785,58646;268073,4375;0,044839318
726,4000244;-0,015480529;0,003542694;786,58798;1159778,25;0,160264949;786,58798;195909,6875;0,041748101
726;-0,014629292;0,003843368;787,5895;1061321,625;0,15682836;787,5895;258444,8281;0,040828401
725,5999756;-0,014513195;0,004106959;788,59102;1112367,25;0,153707716;788,59102;219301,5;0,039602161
725,2000122;-0,014281558;0,003781373;789,59254;1022329,063;0,150010552;789,59254;223743,75;0,036853624
724,7999878;-0,013724421;0,003837362;790,59406;1085392,25;0,149217284;790,59406;167170,1406;0,039981676
724,4000244;-0,013309789;0,004231731;791,59558;1012547,813;0,14548042;791,59558;203931,5938;0,036851225
724;-0,013356682;0,004927074;792,5971;1038214;0,145617662;792,5971;184052,1875;0,036376746
723,5999756;-0,013172997;0,004786398;793,59862;1002356;0,138974915;793,59862;167175,9375;0,036413033
723,2000122;-0,013023702;0,004146629;794,60014;1020705,75;0,137063654;794,60014;218115,5625;0,034474274
722,7999878;-0,012701579;0,004019296;795,60166;900849;0,134002665;795,60166;207512,875;0,03585464
722,4000244;-0,011616848;0,004559225;796,60318;994388,375;0,131303737;796,60318;228795,6563;0,035482231
722;-0,011387998;0,004017101;797,6047;950413,25;0,130706854;797,6047;194605,7813;0,035817512
721,5999756;-0,010509946;0,005863515;798,60622;873112,5;0,126984542;798,60622;190484,1563;0,032221279
721,2000122;-0,010794158;0,005640052;799,60774;838887,75;0,128772378;799,60774;178410,5313;0,034860467
720,7999878;-0,00991536;0,006218658;800,60926;910487,25;0,122170961;800,60926;210951,5469;0,032163489
720,4000244;-0,010594987;0,006375822;801,61078;871386,875;0,127134956;801,61078;139969,4063;0,03009614
720;-0,009322543;0,005432222;802,6123;889632,25;0,117821741;802,6123;109912;0,031921139
719,5999756;-0,009776179;0,006754126;803,61382;801988,9375;0,111923386;;;
719,2000122;-0,008205604;0,00665967;804,61534;868209,9375;0,113963108;;;
718,7999878;-0,00844741;0,006628969;805,61686;788283,125;0,112168331;;;
718,4000244;-0,008208602;0,007416471;806,61838;793355,5625;0,110631133;;;
718;-0,007847702;0,006956935;807,6199;720970,625;0,10788973;;;
717,5999756;-0,006969131;0,007059111;808,62142;862287,4375;0,103607455;;;
717,2000122;-0,006507554;0,006369885;809,62294;884944,4375;0,101553326;;;
716,7999878;-0,006436706;0,008070941;810,62446;815944,6875;0,096226976;;;
716,4000244;-0,005756258;0,007396802;811,62598;773308,6875;0,095489328;;;
716;-0,005175688;0,00771884;812,6275;749982;0,097489047;;;
715,5999756;-0,004458672;0,008560092;813,62902;723264,25;0,093677054;;;
715,2000122;-0,003942859;0,008531316;814,63054;729055,1875;0,089239252;;;
714,7999878;-0,003487246;0,008650658;815,63206;691978,3125;0,084921154;;;
714,4000244;-0,002741557;0,008919535;816,63358;773475,75;0,083291705;;;
714;-0,001693725;0,00899379;817,6351;683064;0,079525841;;;
713,5999756;-0,001773961;0,009350711;818,63662;645152,375;0,078700222;;;
713,2000122;-0,00146784;0,009738419;819,63814;783211;0,078946922;;;
712,7999878;-0,000494192;0,009751418;820,63966;758414,625;0,077692699;;;
712,4000244;0,00063734;0,010567364;821,64118;786460;0,075393533;;;
712;0,000768509;0,01065583;822,6427;908446,125;0,072768102;;;
711,5999756;0,00152734;0,011310208;823,64422;841357,5;0,07294511;;;
711,2000122;0,002306366;0,01136962;824,64574;795778,375;0,070834382;;;
710,7999878;0,003702495;0,011463379;825,64726;846147,75;0,067589484;;;
710,4000244;0,004338419;0,012273258;826,64878;814851,6875;0,063488909;;;
710;0,004544968;0,01315954;827,6503;767923,1875;0,061638014;;;
709,5999756;0,006084231;0,012707643;828,65182;769998;0,060038898;;;
709,2000122;0,007337088;0,013352336;829,65334;580542,4375;0,057388366;;;
708,7999878;0,006970508;0,013826284;830,65486;659704,9375;0,052661817;;;
708,4000244;0,008515265;0,014746353;831,65638;521323,6563;0,050636674;;;
708;0,008531131;0,014831924;832,6579;514426,3438;0,049449784;;;
707,5999756;0,009740537;0,015888978;833,65942;525057,625;0,048032639;;;
707,2000122;0,011480548;0,016269483;834,66094;552504,625;0,046026623;;;
706,7999878;0,011768579;0,016135724;835,66246;526490,1875;0,043128622;;;
706,4000244;0,013597405;0,016703205;836,66398;433838,9063;0,041378114;;;
706;0,014441998;0,017807063;837,6655;471012,7813;0,038138162;;;
705,5999756;0,015583875;0,018729694;838,66702;391286,9375;0,036603688;;;
705,2000122;0,016627245;0,019471861;839,66854;305481,9063;0,034123038;;;
704,7999878;0,018162584;0,019788379;840,67006;365665,75;0,033563476;;;
704,4000244;0,019952185;0,020823443;841,67158;345288,7188;0,032142847;;;
704;0,021250512;0,021406658;842,6731;347632,8125;0,028944613;;;
703,5999756;0,023159655;0,022469824;843,67462;230279,0156;0,025704915;;;
703,2000122;0,024776647;0,023290405;844,67614;63547,32031;0,027234476;;;
702,7999878;0,026032383;0,023717148;845,67766;379892,5313;0,024339672;;;
702,4000244;0,028383927;0,024992822;846,67918;95612,72656;0,023592356;;;
702;0,029797675;0,026218167;847,6807;-10427,65234;0,021304226;;;
701,5999756;0,032602664;0,026815698;848,68222;256257,6094;0,02103597;;;
701,2000122;0,033976123;0,028310925;849,68374;191723,3281;0,017658626;;;
700,7999878;0,035849772;0,029754622;850,68526;95957,01563;0,0182673;;;
700,4000244;0,038469933;0,03079832;851,68678;91445,1875;0,014697477;;;
700;0,040814824;0,032270703;852,6883;319900,0313;0,013374007;;;
699,5999756;0,04369086;0,033712763;;;;;;
699,2000122;0,046036039;0,035267342;;;;;;
698,7999878;0,049422268;0,036632113;;;;;;
698,4000244;0,051863439;0,038924772;;;;;;
698;0,055801816;0,040337037;;;;;;
697,5999756;0,058689151;0,042059802;;;;;;
697,2000122;0,062257983;0,044276334;;;;;;
696,7999878;0,066535108;0,046473235;;;;;;
696,4000244;0,070013553;0,049153119;;;;;;
696;0,074804284;0,051170137;;;;;;
695,5999756;0,079182468;0,053706329;;;;;;
695,2000122;0,083569527;0,056289036;;;;;;
694,7999878;0,089422084;0,059756156;;;;;;
694,4000244;0,094747193;0,062775619;;;;;;
694;0,100338608;0,065914378;;;;;;
693,5999756;0,106390178;0,068592921;;;;;;
693,2000122;0,112251572;0,073324762;;;;;;
692,7999878;0,118756816;0,076359808;;;;;;
692,4000244;0,12537463;0,081061192;;;;;;
692;0,132884771;0,085067518;;;;;;
691,5999756;0,140977189;0,089212388;;;;;;
691,2000122;0,148359999;0,094298474;;;;;;
690,7999878;0,157469735;0,099336043;;;;;;
690,4000244;0,166306436;0,104466803;;;;;;
690;0,175802305;0,110066548;;;;;;
689,5999756;0,185250372;0,115148641;;;;;;
689,2000122;0,194535404;0,120843716;;;;;;
688,7999878;0,204375058;0,126657963;;;;;;
688,4000244;0,215195745;0,13328509;;;;;;
688;0,225240797;0,138878256;;;;;;
687,5999756;0,236434624;0,145649627;;;;;;
687,2000122;0,247993842;0,151942402;;;;;;
686,7999878;0,258637428;0,159004271;;;;;;
686,4000244;0,269029409;0,164976746;;;;;;
686;0,280044049;0,172354087;;;;;;
685,5999756;0,290114969;0,178726941;;;;;;
685,2000122;0,300161988;0,184625045;;;;;;
684,7999878;0,309527904;0,190232694;;;;;;
684,4000244;0,319511712;0,195733666;;;;;;
684;0,32804358;0,201358572;;;;;;
683,5999756;0,336190879;0,20619382;;;;;;
683,2000122;0,343033195;0,21149835;;;;;;
682,7999878;0,350312144;0,215386689;;;;;;
682,4000244;0,356603861;0,219270349;;;;;;
682;0,361459643;0,222646922;;;;;;
681,5999756;0,36588487;0,225607634;;;;;;
681,2000122;0,370514244;0,228659347;;;;;;
680,7999878;0,373615444;0,23061721;;;;;;
680,4000244;0,376701504;0,231925398;;;;;;
680;0,378170312;0,233076572;;;;;;
679,5999756;0,379970342;0,234441876;;;;;;
679,2000122;0,381255627;0,235111341;;;;;;
678,7999878;0,381516278;0,235534251;;;;;;
678,4000244;0,381760925;0,236148804;;;;;;
678;0,380814761;0,235065222;;;;;;
677,5999756;0,380814433;0,235064909;;;;;;
677,2000122;0,380692363;0,234295651;;;;;;
676,7999878;0,379667401;0,233494178;;;;;;
676,4000244;0,378140867;0,233318105;;;;;;
676;0,377627611;0,232817918;;;;;;
675,5999756;0,375944138;0,231838897;;;;;;
675,2000122;0,375206381;0,230846196;;;;;;
674,7999878;0,373572111;0,229801968;;;;;;
674,4000244;0,372025639;0,229181141;;;;;;
674;0,370348185;0,227136597;;;;;;
673,5999756;0,368421435;0,226440147;;;;;;
673,2000122;0,366044402;0,225219578;;;;;;
672,7999878;0,364461005;0,223692223;;;;;;
672,4000244;0,362652749;0,222875416;;;;;;
672;0,360264987;0,220962867;;;;;;
671,5999756;0,357759446;0,21951741;;;;;;
671,2000122;0,3558788;0,2179396;;;;;;
670,7999878;0,352611959;0,215587869;;;;;;
670,4000244;0,349869579;0,214084804;;;;;;
670;0,346831352;0,212075412;;;;;;
669,5999756;0,34365797;0,209465921;;;;;;
669,2000122;0,340387255;0,207904592;;;;;;
668,7999878;0,337346166;0,205327317;;;;;;
668,4000244;0,333601236;0,202905536;;;;;;
668;0,330145538;0,200388715;;;;;;
667,5999756;0,327007353;0,197567374;;;;;;
667,2000122;0,322524011;0,194945872;;;;;;
666,7999878;0,318816721;0,192233697;;;;;;
666,4000244;0,314671785;0,189498544;;;;;;
666;0,310982913;0,186696827;;;;;;
665,5999756;0,30688405;0,183443531;;;;;;
665,2000122;0,303304195;0,180960521;;;;;;
664,7999878;0,298849315;0,177564114;;;;;;
664,4000244;0,295260549;0,174830362;;;;;;
664;0,291034281;0,172730595;;;;;;
663,5999756;0,287086785;0,169572428;;;;;;
663,2000122;0,283413172;0,16722244;;;;;;
662,7999878;0,279024273;0,164175376;;;;;;
662,4000244;0,27542907;0,160900682;;;;;;
662;0,271836549;0,158276483;;;;;;
661,5999756;0,268169075;0,156013683;;;;;;
661,2000122;0,264918536;0,153519154;;;;;;
660,7999878;0,261357129;0,151365399;;;;;;
660,4000244;0,258681178;0,148770899;;;;;;
660;0,255319119;0,146963015;;;;;;
659,5999756;0,252107501;0,144933671;;;;;;
659,2000122;0,249548644;0,142795891;;;;;;
658,7999878;0,247182027;0,140835464;;;;;;
658,4000244;0,244772241;0,139002651;;;;;;
658;0,242700264;0,13732253;;;;;;
657,5999756;0,240636021;0,135187164;;;;;;
657,2000122;0,238884792;0,134159491;;;;;;
656,7999878;0,236720488;0,132880449;;;;;;
656,4000244;0,23580268;0,131794885;;;;;;
656;0,233945936;0,130829528;;;;;;
655,5999756;0,233097374;0,129476592;;;;;;
655,2000122;0,232373014;0,128935367;;;;;;
654,7999878;0,231211141;0,127979115;;;;;;
654,4000244;0,229937196;0,12676917;;;;;;
654;0,229137704;0,126079038;;;;;;
653,5999756;0,228805706;0,125410467;;;;;;
653,2000122;0,22785975;0,125106648;;;;;;
652,7999878;0,226920873;0,124048829;;;;;;
652,4000244;0,226392582;0,123231381;;;;;;
652;0,22541219;0,123050585;;;;;;
651,5999756;0,224605784;0,121918775;;;;;;
651,2000122;0,223918706;0,121095263;;;;;;
650,7999878;0,22267507;0,120839305;;;;;;
650,4000244;0,221788719;0,120010264;;;;;;
650;0,220718563;0,119066298;;;;;;
649,5999756;0,219278112;0,118255653;;;;;;
649,2000122;0,21734044;0,117179714;;;;;;
648,7999878;0,215488881;0,116163939;;;;;;
648,4000244;0,213810399;0,114950195;;;;;;
648;0,211617664;0,114216141;;;;;;
647,5999756;0,209461808;0,112666123;;;;;;
647,2000122;0,207230195;0,111580499;;;;;;
646,7999878;0,204214379;0,110325582;;;;;;
646,4000244;0,201905698;0,108611509;;;;;;
646;0,199247107;0,107535832;;;;;;
645,5999756;0,196625695;0,106304005;;;;;;
645,2000122;0,194212109;0,105622113;;;;;;
644,7999878;0,191100597;0,10397429;;;;;;
644,4000244;0,188104019;0,102190852;;;;;;
644;0,18553862;0,101197235;;;;;;
643,5999756;0,182863861;0,099615864;;;;;;
643,2000122;0,179528981;0,098648034;;;;;;
642,7999878;0,177216023;0,097657427;;;;;;
642,4000244;0,174621582;0,096877135;;;;;;
642;0,17208077;0,095042601;;;;;;
641,5999756;0,169639319;0,094121255;;;;;;
641,2000122;0,167270958;0,092900172;;;;;;
640,7999878;0,164997742;0,092097037;;;;;;
640,4000244;0,162751168;0,091046572;;;;;;
640;0,160421759;0,090229742;;;;;;
639,5999756;0,157926634;0,089328811;;;;;;
639,2000122;0,156302318;0,088520512;;;;;;
638,7999878;0,154052258;0,087540708;;;;;;
638,4000244;0,151936889;0,086616643;;;;;;
638;0,150485098;0,085795164;;;;;;
637,5999756;0,148818567;0,085627563;;;;;;
637,2000122;0,146992788;0,084346905;;;;;;
636,7999878;0,145832509;0,083791308;;;;;;
636,4000244;0,144542828;0,083173931;;;;;;
636;0,143330678;0,082897134;;;;;;
635,5999756;0,14182356;0,082338631;;;;;;
635,2000122;0,141191691;0,081664324;;;;;;
634,7999878;0,140308648;0,081576325;;;;;;
634,4000244;0,139453724;0,081145808;;;;;;
634;0,138260901;0,081417806;;;;;;
633,5999756;0,138133645;0,080447406;;;;;;
633,2000122;0,136993408;0,080844767;;;;;;
632,7999878;0,136891142;0,08055231;;;;;;
632,4000244;0,13635619;0,080161661;;;;;;
632;0,13610974;0,080053918;;;;;;
631,5999756;0,135940895;0,080007486;;;;;;
631,2000122;0,135899156;0,08001402;;;;;;
630,7999878;0,135686085;0,079426259;;;;;;
630,4000244;0,135733813;0,07962805;;;;;;
630;0,135144338;0,079252116;;;;;;
629,5999756;0,135172755;0,079668224;;;;;;
629,2000122;0,135540843;0,079229005;;;;;;
628,7999878;0,135655344;0,079154141;;;;;;
628,4000244;0,135650948;0,079510152;;;;;;
628;0,135371566;0,079141311;;;;;;
627,5999756;0,135305643;0,079493053;;;;;;
627,2000122;0,135382697;0,079270758;;;;;;
626,7999878;0,135060877;0,079086274;;;;;;
626,4000244;0,135267705;0,079282038;;;;;;
626;0,135321647;0,078835286;;;;;;
625,5999756;0,134856239;0,07912156;;;;;;
625,2000122;0,134695664;0,079112925;;;;;;
624,7999878;0,134883106;0,079110935;;;;;;
624,4000244;0,134618551;0,07898467;;;;;;
624;0,134428546;0,078262545;;;;;;
623,5999756;0,134470806;0,078246303;;;;;;
623,2000122;0,133944213;0,07833685;;;;;;
622,7999878;0,133862883;0,077769868;;;;;;
622,4000244;0,133324355;0,07783059;;;;;;
622;0,132798865;0,077442534;;;;;;
621,5999756;0,13271752;0,077165283;;;;;;
621,2000122;0,13239409;0,077110589;;;;;;
620,7999878;0,131858781;0,077015691;;;;;;
620,4000244;0,131366298;0,076468058;;;;;;
620;0,131030366;0,07607881;;;;;;
619,5999756;0,129430741;0,07584472;;;;;;
619,2000122;0,129585773;0,075401738;;;;;;
618,7999878;0,129236564;0,075191341;;;;;;
618,4000244;0,12835528;0,074911468;;;;;;
618;0,127786085;0,074506156;;;;;;
617,5999756;0,126981065;0,074648373;;;;;;
617,2000122;0,126388624;0,073949739;;;;;;
616,7999878;0,125491872;0,073207155;;;;;;
616,4000244;0,125004381;0,072776742;;;;;;
616;0,124228455;0,072993807;;;;;;
615,5999756;0,123541489;0,072224453;;;;;;
615,2000122;0,122212268;0,071252607;;;;;;
614,7999878;0,122066014;0,07108546;;;;;;
614,4000244;0,121168688;0,070680201;;;;;;
614;0,120380372;0,070077524;;;;;;
613,5999756;0,11960692;0,070081353;;;;;;
613,2000122;0,119209953;0,069719978;;;;;;
612,7999878;0,118516177;0,068897657;;;;;;
612,4000244;0,117120355;0,06853693;;;;;;
612;0,117025822;0,067853436;;;;;;
611,5999756;0,116256893;0,067698516;;;;;;
611,2000122;0,114879064;0,067462884;;;;;;
610,7999878;0,11438784;0,06673912;;;;;;
610,4000244;0,113821141;0,066374384;;;;;;
610;0,113411568;0,065888681;;;;;;
609,5999756;0,112518981;0,065512978;;;;;;
609,2000122;0,112188593;0,065108046;;;;;;
608,7999878;0,111295067;0,064618558;;;;;;
608,4000244;0,110747144;0,064173333;;;;;;
608;0,110113382;0,064180002;;;;;;
607,5999756;0,109985948;0,063669041;;;;;;
607,2000122;0,108880214;0,063357703;;;;;;
606,7999878;0,108030878;0,063128486;;;;;;
606,4000244;0,107683316;0,062835567;;;;;;
606;0,10731674;0,06240413;;;;;;
605,5999756;0,106682964;0,062088467;;;;;;
605,2000122;0,105893798;0,061660305;;;;;;
604,7999878;0,105859742;0,061539102;;;;;;
604,4000244;0,105237313;0,061392173;;;;;;
604;0,104876787;0,061101232;;;;;;
603,5999756;0,104580343;0,060939793;;;;;;
603,2000122;0,104056977;0,060592487;;;;;;
602,7999878;0,103706233;0,060257677;;;;;;
602,4000244;0,103205718;0,060323317;;;;;;
602;0,103156179;0,059879892;;;;;;
601,5999756;0,1025052;0,059649263;;;;;;
601,2000122;0,102671407;0,059485663;;;;;;
600,7999878;0,102327682;0,05938495;;;;;;
600,4000244;0,101710364;0,059376877;;;;;;
600;0,101408944;0,059256192;;;;;;
599,5999756;0,101054028;0,058875721;;;;;;
599,2000122;0,101388775;0,058609713;;;;;;
598,7999878;0,10055352;0,058459923;;;;;;
598,4000244;0,100509733;0,058579229;;;;;;
598;0,100424029;0,058635697;;;;;;
597,5999756;0,099675387;0,057875551;;;;;;
597,2000122;0,099015877;0,058167327;;;;;;
596,7999878;0,099192962;0,058552984;;;;;;
596,4000244;0,099003948;0,058092128;;;;;;
596;0,098776147;0,057983071;;;;;;
595,5999756;0,09808173;0,057810489;;;;;;
595,2000122;0,098614186;0,057270817;;;;;;
594,7999878;0,097641483;0,057501603;;;;;;
594,4000244;0,097384334;0,057558019;;;;;;
594;0,096847594;0,057439107;;;;;;
593,5999756;0,09708254;0,057603359;;;;;;
593,2000122;0,097129896;0,0574059;;;;;;
592,7999878;0,096004389;0,057043072;;;;;;
592,4000244;0,095329605;0,056750398;;;;;;
592;0,095223032;0,056855105;;;;;;
591,5999756;0,094975494;0,056335684;;;;;;
591,2000122;0,094543949;0,056039542;;;;;;
590,7999878;0,094593354;0,056055769;;;;;;
590,4000244;0,093240969;0,055929054;;;;;;
590;0,093262084;0,055842411;;;;;;
589,5999756;0,092861377;0,055014905;;;;;;
589,2000122;0,092826471;0,055615943;;;;;;
588,7999878;0,091947556;0,055679649;;;;;;
588,4000244;0,091903888;0,054758299;;;;;;
588;0,090069726;0,054555818;;;;;;
587,5999756;0,089997172;0,054439694;;;;;;
587,2000122;0,089852005;0,053986378;;;;;;
586,7999878;0,089078896;0,053928342;;;;;;
586,4000244;0,088936865;0,053467095;;;;;;
586;0,088153131;0,053267762;;;;;;
585,5999756;0,087632202;0,052766908;;;;;;
585,2000122;0,087241746;0,05248598;;;;;;
584,7999878;0,086326748;0,052374642;;;;;;
584,4000244;0,086132139;0,052508589;;;;;;
584;0,085510358;0,052048966;;;;;;
583,5999756;0,085064277;0,051530886;;;;;;
583,2000122;0,084234387;0,051519811;;;;;;
582,7999878;0,083995387;0,050802007;;;;;;
582,4000244;0,08308892;0,050869256;;;;;;
582;0,082750693;0,050574549;;;;;;
581,5999756;0,080806538;0,050316017;;;;;;
581,2000122;0,081328422;0,049755499;;;;;;
580,7999878;0,080019467;0,049358893;;;;;;
580,4000244;0,079804614;0,049578436;;;;;;
580;0,079060808;0,049206402;;;;;;
579,5999756;0,078585252;0,048493534;;;;;;
579,2000122;0,078073405;0,048883699;;;;;;
578,7999878;0,076620422;0,04790929;;;;;;
578,4000244;0,076357961;0,047504779;;;;;;
578;0,076085962;0,047132466;;;;;;
577,5999756;0,0757121;0,046982512;;;;;;
577,2000122;0,074084796;0,046401504;;;;;;
576,7999878;0,074256085;0,046526592;;;;;;
576,4000244;0,073406994;0,045817416;;;;;;
576;0,071984671;0,045931492;;;;;;
575,5999756;0,071399979;0,045397319;;;;;;
575,2000122;0,070135318;0,044810303;;;;;;
574,7999878;0,070196807;0,044896927;;;;;;
574,4000244;0,068818733;0,043945901;;;;;;
574;0,068198852;0,043617468;;;;;;
573,5999756;0,067803539;0,043306932;;;;;;
573,2000122;0,066420652;0,042882651;;;;;;
572,7999878;0,065989979;0,042302161;;;;;;
572,4000244;0,064877234;0,042130448;;;;;;
572;0,064355344;0,041480526;;;;;;
571,5999756;0,062692985;0,041493997;;;;;;
571,2000122;0,062596582;0,041195985;;;;;;
570,7999878;0,062032059;0,040472411;;;;;;
570,4000244;0,0605435;0,040310677;;;;;;
570;0,060255121;0,0393348;;;;;;
569,5999756;0,058945745;0,039260555;;;;;;
569,2000122;0,057396684;0,039415237;;;;;;
568,7999878;0,057228614;0,038416736;;;;;;
568,4000244;0,056724586;0,038050663;;;;;;
568;0,055859983;0,038099095;;;;;;
567,5999756;0,054429688;0,036588941;;;;;;
567,2000122;0,054048728;0,037773021;;;;;;
566,7999878;0,053526092;0,036651772;;;;;;
566,4000244;0,052360594;0,036245003;;;;;;
566;0,05178288;0,036152996;;;;;;
565,5999756;0,051051158;0,035541281;;;;;;
565,2000122;0,050048813;0,035509761;;;;;;
564,7999878;0,049789231;0,035121176;;;;;;
564,4000244;0,049569614;0,034933817;;;;;;
564;0,048346814;0,034482155;;;;;;
563,5999756;0,047802266;0,034199364;;;;;;
563,2000122;0,04722726;0,033577692;;;;;;
562,7999878;0,046866059;0,033732962;;;;;;
562,4000244;0,046308216;0,033531774;;;;;;
562;0,045651384;0,033566337;;;;;;
561,5999756;0,044858865;0,032792844;;;;;;
561,2000122;0,045007918;0,033115815;;;;;;
560,7999878;0,04419012;0,032655712;;;;;;
560,4000244;0,044247326;0,032559276;;;;;;
560;0,043508153;0,032381024;;;;;;
559,5999756;0,043483287;0,032126714;;;;;;
559,2000122;0,042752124;0,031434916;;;;;;
558,7999878;0,042660072;0,032044161;;;;;;
558,4000244;0,042221759;0,032348838;;;;;;
558;0,042119153;0,032199137;;;;;;
557,5999756;0,041840553;0,031517826;;;;;;
557,2000122;0,041740343;0,031577814;;;;;;
556,7999878;0,041369781;0,03138566;;;;;;
556,4000244;0,04079219;0,031410623;;;;;;
556;0,040908191;0,031666517;;;;;;
555,5999756;0,04091078;0,03149144;;;;;;
555,2000122;0,041061666;0,031872611;;;;;;
554,7999878;0,040614165;0,031466335;;;;;;
554,4000244;0,040243566;0,032147005;;;;;;
554;0,040372007;0,03177448;;;;;;
553,5999756;0,041099738;0,031381626;;;;;;
553,2000122;0,040443968;0,031784564;;;;;;
552,7999878;0,040145285;0,031701516;;;;;;
552,4000244;0,040378284;0,031703077;;;;;;
552;0,040162493;0,031875119;;;;;;
551,5999756;0,04031352;0,031136384;;;;;;
551,2000122;0,039673086;0,031513624;;;;;;
550,7999878;0,040805925;0,031460021;;;;;;
550,4000244;0,040266767;0,032032344;;;;;;
550;0,040833678;0,031924874;;;;;;
549,5999756;0,040241491;0,032400992;;;;;;
549,2000122;0,040332038;0,031797431;;;;;;
548,7999878;0,041096326;0,032229774;;;;;;
548,4000244;0,040850654;0,032204293;;;;;;
548;0,041237228;0,032473069;;;;;;
547,5999756;0,04102505;0,031887989;;;;;;
547,2000122;0,040751018;0,032579727;;;;;;
546,7999878;0,04098431;0,032250937;;;;;;
546,4000244;0,041327953;0,032906227;;;;;;
546;0,041324481;0,032145947;;;;;;
545,5999756;0,041202988;0,032505039;;;;;;
545,2000122;0,041563667;0,032418117;;;;;;
544,7999878;0,041542616;0,032538239;;;;;;
544,4000244;0,041301619;0,032654457;;;;;;
544;0,041516725;0,032318916;;;;;;
543,5999756;0,041649275;0,033092741;;;;;;
543,2000122;0,041666541;0,032948475;;;;;;
542,7999878;0,04170404;0,032719906;;;;;;
542,4000244;0,041849617;0,032916922;;;;;;
542;0,041087646;0,033230539;;;;;;
541,5999756;0,041883282;0,03272102;;;;;;
541,2000122;0,041471239;0,033065617;;;;;;
540,7999878;0,0420462;0,03310978;;;;;;
540,4000244;0,042051304;0,032994643;;;;;;
540;0,042082448;0,032670002;;;;;;
539,5999756;0,0427301;0,03294725;;;;;;
539,2000122;0,042372819;0,033471741;;;;;;
538,7999878;0,042463638;0,033403356;;;;;;
538,4000244;0,042704966;0,03314437;;;;;;
538;0,043097913;0,033106625;;;;;;
537,5999756;0,043057151;0,033719704;;;;;;
537,2000122;0,043350205;0,033428989;;;;;;
536,7999878;0,043345172;0,033695504;;;;;;
536,4000244;0,043279588;0,033428542;;;;;;
536;0,043854859;0,033945806;;;;;;
535,5999756;0,043744076;0,034110785;;;;;;
535,2000122;0,043523718;0,03406439;;;;;;
534,7999878;0,044462375;0,034204993;;;;;;
534,4000244;0,044195965;0,034754224;;;;;;
534;0,044702638;0,034734789;;;;;;
533,5999756;0,044883121;0,034777667;;;;;;
533,2000122;0,045511339;0,034721136;;;;;;
532,7999878;0,04547653;0,034945097;;;;;;
532,4000244;0,045897681;0,035235252;;;;;;
532;0,046614654;0,035123393;;;;;;
531,5999756;0,047105432;0,03501207;;;;;;
531,2000122;0,047935043;0,035819437;;;;;;
530,7999878;0,048417941;0,035572942;;;;;;
530,4000244;0,04883958;0,036481377;;;;;;
530;0,04940147;0,036849707;;;;;;
529,5999756;0,050324243;0,037196271;;;;;;
529,2000122;0,051442377;0,037359528;;;;;;
528,7999878;0,051587552;0,037675496;;;;;;
528,4000244;0,05211781;0,038319323;;;;;;
528;0,052325405;0,038287714;;;;;;
527,5999756;0,053900354;0,038790192;;;;;;
527,2000122;0,05497662;0,039618406;;;;;;
526,7999878;0,055736829;0,039618973;;;;;;
526,4000244;0,056784559;0,039885286;;;;;;
526;0,057994433;0,040980585;;;;;;
525,5999756;0,059309393;0,041476537;;;;;;
525,2000122;0,060999636;0,041670531;;;;;;
524,7999878;0,061084636;0,04262723;;;;;;
524,4000244;0,062614217;0,043142766;;;;;;
524;0,064509645;0,043768298;;;;;;
523,5999756;0,06564758;0,04442418;;;;;;
523,2000122;0,06699653;0,04575434;;;;;;
522,7999878;0,06894438;0,046312537;;;;;;
522,4000244;0,070333116;0,046491127;;;;;;
522;0,071824454;0,047741614;;;;;;
521,5999756;0,073209271;0,048501756;;;;;;
521,2000122;0,075400598;0,048880339;;;;;;
520,7999878;0,076376356;0,050211161;;;;;;
520,4000244;0,07916265;0,05121994;;;;;;
520;0,080766536;0,052147757;;;;;;
519,5999756;0,082959138;0,0526415;;;;;;
519,2000122;0,085029013;0,054133669;;;;;;
518,7999878;0,086969212;0,055367805;;;;;;
518,4000244;0,089066274;0,056494419;;;;;;
518;0,091403522;0,057457369;;;;;;
517,5999756;0,094251871;0,058241736;;;;;;
517,2000122;0,096724764;0,059719384;;;;;;
516,7999878;0,098641403;0,060877904;;;;;;
516,4000244;0,101425849;0,061928395;;;;;;
516;0,10420391;0,063364051;;;;;;
515,5999756;0,106533766;0,064591974;;;;;;
515,2000122;0,108974025;0,065887928;;;;;;
514,7999878;0,111903928;0,067210063;;;;;;
514,4000244;0,114965268;0,068963282;;;;;;
514;0,118228637;0,070075639;;;;;;
513,5999756;0,120720409;0,072055012;;;;;;
513,2000122;0,123433165;0,07332053;;;;;;
512,7999878;0,126690328;0,075013511;;;;;;
512,4000244;0,12999846;0,0764274;;;;;;
512;0,133366838;0,078318529;;;;;;
511,6000061;0,136384934;0,079793878;;;;;;
511,1999817;0,139360279;0,081050552;;;;;;
510,7999878;0,142632067;0,082809292;;;;;;
510,3999939;0,1463902;0,08464665;;;;;;
510;0,150132507;0,086123966;;;;;;
509,6000061;0,153553516;0,088276923;;;;;;
509,1999817;0,156396642;0,090192564;;;;;;
508,7999878;0,160272658;0,091872416;;;;;;
508,3999939;0,164446101;0,094116561;;;;;;
508;0,168302864;0,095672578;;;;;;
507,6000061;0,171018213;0,098041564;;;;;;
507,1999817;0,175231844;0,099585518;;;;;;
506,7999878;0,179262504;0,101318687;;;;;;
506,3999939;0,182524785;0,103386842;;;;;;
506;0,186630592;0,105225571;;;;;;
505,6000061;0,19066675;0,107311435;;;;;;
505,1999817;0,194861934;0,109636851;;;;;;
504,7999878;0,197885022;0,111605704;;;;;;
504,3999939;0,202224717;0,113310315;;;;;;
504;0,206095815;0,115477644;;;;;;
503,6000061;0,210047171;0,117635958;;;;;;
503,1999817;0,213986874;0,119598739;;;;;;
502,7999878;0,217879668;0,121956788;;;;;;
502,3999939;0,221593618;0,124258846;;;;;;
502;0,225760236;0,126304492;;;;;;
501,6000061;0,229646012;0,127727166;;;;;;
501,1999817;0,233553603;0,129806697;;;;;;
500,7999878;0,237119272;0,132397071;;;;;;
500,3999939;0,241688505;0,13431327;;;;;;
500;0,244693235;0,13581188;;;;;;
499,6000061;0,248637229;0,138402104;;;;;;
499,1999817;0,251984179;0,140413612;;;;;;
498,7999878;0,255860567;0,141808778;;;;;;
498,3999939;0,259854138;0,144438207;;;;;;
498;0,262877703;0,145273119;;;;;;
497,6000061;0,26649943;0,147592828;;;;;;
497,1999817;0,269444227;0,149508134;;;;;;
496,7999878;0,273169547;0,151458949;;;;;;
496,3999939;0,276418895;0,153872222;;;;;;
496;0,279719591;0,155367389;;;;;;
495,6000061;0,282431454;0,156365067;;;;;;
495,1999817;0,285107017;0,158753932;;;;;;
494,7999878;0,288911134;0,159706548;;;;;;
494,3999939;0,290852428;0,161743388;;;;;;
494;0,294105947;0,162801936;;;;;;
493,6000061;0,296786338;0,164919823;;;;;;
493,1999817;0,299507409;0,166398361;;;;;;
492,7999878;0,301506758;0,167465195;;;;;;
492,3999939;0,304102749;0,168545306;;;;;;
492;0,306693226;0,170299411;;;;;;
491,6000061;0,308849752;0,171605483;;;;;;
491,1999817;0,311002463;0,172603577;;;;;;
490,7999878;0,313040197;0,173808098;;;;;;
490,3999939;0,315069288;0,174547121;;;;;;
490;0,316995263;0,176067948;;;;;;
489,6000061;0,318693906;0,177122682;;;;;;
489,1999817;0,32022047;0,178270936;;;;;;
488,7999878;0,32237792;0,178734824;;;;;;
488,3999939;0,323576003;0,180346832;;;;;;
488;0,32542026;0,180749834;;;;;;
487,6000061;0,325921863;0,180893421;;;;;;
487,1999817;0,327106357;0,182447791;;;;;;
486,7999878;0,328863323;0,182829052;;;;;;
486,3999939;0,329005629;0,184055507;;;;;;
486;0,330408722;0,184456468;;;;;;
485,6000061;0,331110805;0,184823006;;;;;;
485,1999817;0,332012266;0,185836807;;;;;;
484,7999878;0,332663268;0,186507478;;;;;;
484,3999939;0,333709151;0,186615706;;;;;;
484;0,334064215;0,187845588;;;;;;
483,6000061;0,33398962;0,187878296;;;;;;
483,1999817;0,33506009;0,188562229;;;;;;
482,7999878;0,335739732;0,189135283;;;;;;
482,3999939;0,336064518;0,189869776;;;;;;
482;0,336877734;0,190440297;;;;;;
481,6000061;0,336921245;0,191308081;;;;;;
481,1999817;0,337750405;0,191599608;;;;;;
480,7999878;0,338368326;0,192543387;;;;;;
480,3999939;0,338551879;0,193093374;;;;;;
480;0,339866638;0,193387792;;;;;;
479,6000061;0,339829445;0,194797561;;;;;;
479,1999817;0,340185016;0,194644511;;;;;;
478,7999878;0,341483563;0,195261523;;;;;;
478,3999939;0,342009753;0,196318373;;;;;;
478;0,3429344;0,197437257;;;;;;
477,6000061;0,34348166;0,198053509;;;;;;
477,1999817;0,344785839;0,198767126;;;;;;
476,7999878;0,345167756;0,199968115;;;;;;
476,3999939;0,34640488;0,20007363;;;;;;
476;0,34681508;0,201104626;;;;;;
475,6000061;0,347516507;0,201829642;;;;;;
475,1999817;0,3486619;0,20261313;;;;;;
474,7999878;0,349137038;0,203396693;;;;;;
474,3999939;0,349691898;0,203761905;;;;;;
474;0,350415707;0,20413357;;;;;;
473,6000061;0,351167858;0,205328196;;;;;;
473,1999817;0,351285398;0,205820933;;;;;;
472,7999878;0,351604939;0,206053048;;;;;;
472,3999939;0,352263629;0,20670262;;;;;;
472;0,352852255;0,207233369;;;;;;
471,6000061;0,352656126;0,20693925;;;;;;
471,1999817;0,352938414;0,207418338;;;;;;
470,7999878;0,352369577;0,207429439;;;;;;
470,3999939;0,352136076;0,207534745;;;;;;
470;0,352360874;0,207654029;;;;;;
469,6000061;0,352037668;0,207860395;;;;;;
469,1999817;0,351979077;0,207882658;;;;;;
468,7999878;0,351496458;0,208211988;;;;;;
468,3999939;0,351505071;0,207961664;;;;;;
468;0,351228565;0,207644463;;;;;;
467,6000061;0,350169927;0,207749575;;;;;;
467,1999817;0,349567652;0,207279801;;;;;;
466,7999878;0,34903118;0,20776014;;;;;;
466,3999939;0,349277943;0,207339764;;;;;;
466;0,349001348;0,2069287;;;;;;
465,6000061;0,348128408;0,20599094;;;;;;
465,1999817;0,34832266;0,205971733;;;;;;
464,7999878;0,346677214;0,205847874;;;;;;
464,3999939;0,346727669;0,205544755;;;;;;
464;0,346630812;0,204741687;;;;;;
463,6000061;0,345535308;0,205010295;;;;;;
463,1999817;0,346164465;0,204994112;;;;;;
462,7999878;0,345155567;0,204368815;;;;;;
462,3999939;0,345278502;0,203989044;;;;;;
462;0,344978362;0,203424484;;;;;;
461,6000061;0,344628692;0,204010695;;;;;;
461,1999817;0,343907327;0,202970386;;;;;;
460,7999878;0,34355849;0,203041151;;;;;;
460,3999939;0,343546718;0,202905044;;;;;;
460;0,343308389;0,202666804;;;;;;
459,6000061;0,343710929;0,202786684;;;;;;
459,1999817;0,343440414;0,202898845;;;;;;
458,7999878;0,343562931;0,202935323;;;;;;
458,3999939;0,343540371;0,202391923;;;;;;
458;0,343555868;0,2033474;;;;;;
457,6000061;0,344096065;0,203423321;;;;;;
457,1999817;0,344901174;0,204577968;;;;;;
456,7999878;0,345001757;0,204844564;;;;;;
456,3999939;0,345698625;0,204630554;;;;;;
456;0,346186161;0,205356225;;;;;;
455,6000061;0,347494036;0,206158742;;;;;;
455,1999817;0,348198384;0,207064882;;;;;;
454,7999878;0,349746943;0,208339572;;;;;;
454,3999939;0,349767715;0,209148333;;;;;;
454;0,35227406;0,210957974;;;;;;
453,6000061;0,353495687;0,212708652;;;;;;
453,1999817;0,355721235;0,213831961;;;;;;
452,7999878;0,358315796;0,215485558;;;;;;
452,3999939;0,359839737;0,218071654;;;;;;
452;0,362897933;0,219940305;;;;;;
451,6000061;0,365273148;0,222021505;;;;;;
451,1999817;0,367356241;0,223874062;;;;;;
450,7999878;0,370393783;0,226561517;;;;;;
450,3999939;0,372930527;0,229051545;;;;;;
450;0,374988347;0,231143564;;;;;;
449,6000061;0,379348308;0,234919846;;;;;;
449,1999817;0,382247984;0,237150013;;;;;;
448,7999878;0,385441482;0,240029782;;;;;;
448,3999939;0,388931185;0,243178025;;;;;;
448;0,391606808;0,245651737;;;;;;
447,6000061;0,395301193;0,248760864;;;;;;
447,1999817;0,398248166;0,251232982;;;;;;
446,7999878;0,402025968;0,254784584;;;;;;
446,3999939;0,405423909;0,257392317;;;;;;
446;0,409622252;0,260344088;;;;;;
445,6000061;0,411536217;0,263273329;;;;;;
445,1999817;0,4152385;0,266012549;;;;;;
444,7999878;0,418217599;0,269323885;;;;;;
444,3999939;0,420920491;0,271307439;;;;;;
444;0,423595309;0,273975015;;;;;;
443,6000061;0,426476926;0,27597782;;;;;;
443,1999817;0,428586364;0,2789011;;;;;;
442,7999878;0,431988001;0,281066567;;;;;;
442,3999939;0,434005857;0,282786846;;;;;;
442;0,436353743;0,285181224;;;;;;
441,6000061;0,438304752;0,285825014;;;;;;
441,1999817;0,440107673;0,28821972;;;;;;
440,7999878;0,441250861;0,289659143;;;;;;
440,3999939;0,442509711;0,290594697;;;;;;
440;0,444054991;0,291948617;;;;;;
439,6000061;0,444390029;0,29275474;;;;;;
439,1999817;0,44663322;0,294059038;;;;;;
438,7999878;0,447068125;0,294983119;;;;;;
438,3999939;0,447141409;0,295289427;;;;;;
438;0,448478401;0,295133323;;;;;;
437,6000061;0,447960794;0,295666188;;;;;;
437,1999817;0,44815746;0,295573801;;;;;;
436,7999878;0,448950291;0,29639712;;;;;;
436,3999939;0,448343426;0,29509604;;;;;;
436;0,448349714;0,29600203;;;;;;
435,6000061;0,44768253;0,295474827;;;;;;
435,1999817;0,448206097;0,295118243;;;;;;
434,7999878;0,447014421;0,294432521;;;;;;
434,3999939;0,446440041;0,293835133;;;;;;
434;0,445813149;0,292648196;;;;;;
433,6000061;0,445556194;0,292039067;;;;;;
433,1999817;0,444440901;0,291002214;;;;;;
432,7999878;0,443540901;0,290887803;;;;;;
432,3999939;0,441613317;0,28956756;;;;;;
432;0,440881819;0,289131522;;;;;;
431,6000061;0,440164626;0,287258565;;;;;;
431,1999817;0,438677013;0,286391944;;;;;;
430,7999878;0,436688721;0,285051823;;;;;;
430,3999939;0,434880316;0,284134001;;;;;;
430;0,434352338;0,282075763;;;;;;
429,6000061;0,432132483;0,281633884;;;;;;
429,1999817;0,430498719;0,280008405;;;;;;
428,7999878;0,429248512;0,278598338;;;;;;
428,3999939;0,427698284;0,27695024;;;;;;
428;0,424948782;0,276200324;;;;;;
427,6000061;0,424519956;0,27537185;;;;;;
427,1999817;0,424043536;0,273374021;;;;;;
426,7999878;0,4206312;0,272484839;;;;;;
426,3999939;0,419462502;0,272038519;;;;;;
426;0,419394046;0,270761013;;;;;;
425,6000061;0,415919274;0,270284087;;;;;;
425,1999817;0,415496975;0,269823343;;;;;;
424,7999878;0,414099753;0,269408733;;;;;;
424,3999939;0,413219512;0,267231077;;;;;;
424;0,412520886;0,266564786;;;;;;
423,6000061;0,411159277;0,265197933;;;;;;
423,1999817;0,409430087;0,265251964;;;;;;
422,7999878;0,40922305;0,264983058;;;;;;
422,3999939;0,408438057;0,26452747;;;;;;
422;0,407292813;0,263972849;;;;;;
421,6000061;0,40743202;0,264052987;;;;;;
421,1999817;0,405460835;0,26337868;;;;;;
420,7999878;0,405451566;0,262533933;;;;;;
420,3999939;0,403223157;0,262015104;;;;;;
420;0,403100103;0,261450142;;;;;;
419,6000061;0,401712239;0,261273891;;;;;;
419,1999817;0,402580857;0,260710836;;;;;;
418,7999878;0,401954562;0,260988772;;;;;;
418,3999939;0,40029484;0,259490281;;;;;;
418;0,400809288;0,25917989;;;;;;
417,6000061;0,397755086;0,259027422;;;;;;
417,1999817;0,397998333;0,257818788;;;;;;
416,7999878;0,396805376;0,257405788;;;;;;
416,3999939;0,396296948;0,257006973;;;;;;
416;0,395103395;0,256194681;;;;;;
415,6000061;0,393236011;0,256355852;;;;;;
415,1999817;0,39288035;0,25543052;;;;;;
414,7999878;0,391846269;0,253500551;;;;;;
414,3999939;0,39014557;0,253421962;;;;;;
414;0,389195442;0,252432287;;;;;;
413,6000061;0,387724668;0,250821292;;;;;;
413,1999817;0,386039197;0,250139326;;;;;;
412,7999878;0,384697378;0,249257714;;;;;;
412,3999939;0,383492291;0,247256666;;;;;;
412;0,381157816;0,24626711;;;;;;
411,6000061;0,380404353;0,245870739;;;;;;
411,1999817;0,378769904;0,243553445;;;;;;
410,7999878;0,376680315;0,242656902;;;;;;
410,3999939;0,375947386;0,241961896;;;;;;
410;0,372788966;0,240599394;;;;;;
409,6000061;0,370771438;0,239432082;;;;;;
409,1999817;0,369909525;0,237053409;;;;;;
408,7999878;0,367239773;0,23600018;;;;;;
408,3999939;0,366103172;0,235103861;;;;;;
408;0,363483638;0,232300311;;;;;;
407,6000061;0,360949874;0,230937421;;;;;;
407,1999817;0,358862996;0,229101196;;;;;;
406,7999878;0,357185692;0,228504181;;;;;;
406,3999939;0,353823572;0,227637842;;;;;;
406;0,353569001;0,223794788;;;;;;
405,6000061;0,351535767;0,222992241;;;;;;
405,1999817;0,348793805;0,221347824;;;;;;
404,7999878;0,346963733;0,220883563;;;;;;
404,3999939;0,344933748;0,220049039;;;;;;
404;0,340804905;0,217469364;;;;;;
403,6000061;0,340134531;0,216435596;;;;;;
403,1999817;0,337354839;0,214708865;;;;;;
402,7999878;0,33608827;0,214267537;;;;;;
402,3999939;0,333678246;0,213045895;;;;;;
402;0,332965165;0,210585818;;;;;;
401,6000061;0,332791388;0,210857809;;;;;;
401,1999817;0,328986734;0,20963648;;;;;;
400,7999878;0,328552514;0,208684415;;;;;;
400,3999939;0,325976968;0,207131684;;;;;;
400;0,32438919;0,205310538;;;;;;
399,6000061;0,324134111;0,204883233;;;;;;
399,1999817;0,32245186;0,204826236;;;;;;
398,7999878;0,321132124;0,202556595;;;;;;
398,3999939;0,31968841;0,202893555;;;;;;
398;0,31760782;0,203264847;;;;;;
397,6000061;0,318397254;0,201527879;;;;;;
397,1999817;0,317739785;0,201539353;;;;;;
396,7999878;0,316723704;0,20129104;;;;;;
396,3999939;0,316029638;0,201687396;;;;;;
396;0,315482765;0,200298727;;;;;;
395,6000061;0,315406531;0,200450897;;;;;;
395,1999817;0,31463787;0,199613363;;;;;;
394,7999878;0,313212633;0,19981508;;;;;;
394,3999939;0,313329399;0,200491145;;;;;;
394;0,313096255;0,19980593;;;;;;
393,6000061;0,314395249;0,198759675;;;;;;
393,1999817;0,311716735;0,199265778;;;;;;
392,7999878;0,312341571;0,19889982;;;;;;
392,3999939;0,311025769;0,199346468;;;;;;
392;0,311540008;0,198837206;;;;;;
391,6000061;0,311308473;0,197727814;;;;;;
391,1999817;0,310983241;0,199143753;;;;;;
390,7999878;0,311026871;0,196625903;;;;;;
390,3999939;0,311302811;0,198936567;;;;;;
390;0,310757607;0,19798179;;;;;;
389,6000061;0,310934871;0,198019609;;;;;;
389,1999817;0,3091667;0,198690057;;;;;;
388,7999878;0,309761077;0,197567627;;;;;;
388,3999939;0,311025649;0,197939113;;;;;;
388;0,310930342;0,198150471;;;;;;
387,6000061;0,309896886;0,197393864;;;;;;
387,1999817;0,309737444;0,198728994;;;;;;
386,7999878;0,309739471;0,196784779;;;;;;
386,3999939;0,309690595;0,197175741;;;;;;
386;0,308974594;0,197929323;;;;;;
385,6000061;0,309099197;0,197394922;;;;;;
385,1999817;0,30992654;0,196101889;;;;;;
384,7999878;0,309058785;0,196820244;;;;;;
384,3999939;0,308973938;0,194804132;;;;;;
384;0,307083637;0,195636377;;;;;;
383,6000061;0,307746261;0,196702033;;;;;;
383,1999817;0,306054682;0,19661133;;;;;;
382,7999878;0,305729926;0,194879741;;;;;;
382,3999939;0,305534035;0,193561137;;;;;;
382;0,303969592;0,194284648;;;;;;
381,6000061;0,30465281;0,194427326;;;;;;
381,1999817;0,304959178;0,193121716;;;;;;
380,7999878;0,303370118;0,194092214;;;;;;
380,3999939;0,303247064;0,193667948;;;;;;
380;0,301237106;0,192950249;;;;;;
379,6000061;0,29998976;0,191649512;;;;;;
379,1999817;0,299559891;0,191381395;;;;;;
378,7999878;0,298310876;0,190467462;;;;;;
378,3999939;0,297639668;0,190142646;;;;;;
378;0,299373239;0,18772611;;;;;;
377,6000061;0,295017481;0,188725308;;;;;;
377,1999817;0,294996917;0,187747419;;;;;;
376,7999878;0,29446879;0,186167613;;;;;;
376,3999939;0,293397218;0,18594043;;;;;;
376;0,293363124;0,184962288;;;;;;
375,6000061;0,28926447;0,184191689;;;;;;
375,1999817;0,29081735;0,185080603;;;;;;
374,7999878;0,287950635;0,182944328;;;;;;
374,3999939;0,287672848;0,182230622;;;;;;
374;0,285512;0,181164295;;;;;;
373,6000061;0,282713234;0,181520715;;;;;;
373,1999817;0,284139216;0,179428458;;;;;;
372,7999878;0,282616943;0,179883167;;;;;;
372,3999939;0,280749142;0,177564696;;;;;;
372;0,280005246;0,178481177;;;;;;
371,6000061;0,278893441;0,178265661;;;;;;
371,1999817;0,276853025;0,17681317;;;;;;
370,7999878;0,276441634;0,175152525;;;;;;
370,3999939;0,276783854;0,175633609;;;;;;
370;0,276154667;0,175585643;;;;;;
369,6000061;0,274620533;0,174234495;;;;;;
369,1999817;0,271680743;0,174336776;;;;;;
368,7999878;0,271873772;0,173236936;;;;;;
368,3999939;0,27037707;0,17215845;;;;;;
368;0,270202696;0,172020614;;;;;;
367,6000061;0,269379228;0,172809348;;;;;;
367,1999817;0,267906696;0,171453908;;;;;;
366,7999878;0,267183483;0,171454281;;;;;;
366,3999939;0,265925497;0,170102358;;;;;;
366;0,267426878;0,168403491;;;;;;
365,6000061;0,265978515;0,167686716;;;;;;
365,1999817;0,264361262;0,167283058;;;;;;
364,7999878;0,262396544;0,16664578;;;;;;
364,3999939;0,260776699;0,1667521;;;;;;
364;0,26115641;0,167473912;;;;;;
363,6000061;0,25922069;0,164284632;;;;;;
363,1999817;0,259019643;0,16638051;;;;;;
362,7999878;0,258058012;0,164981172;;;;;;
362,3999939;0,256702304;0,164455175;;;;;;
362;0,258951336;0,165712297;;;;;;
361,6000061;0,256647676;0,16295591;;;;;;
361,1999817;0,253845036;0,16305846;;;;;;
360,7999878;0,252463967;0,162039295;;;;;;
360,3999939;0,253581226;0,161736444;;;;;;
360;0,250301093;0,16169782;;;;;;
359,6000061;0,252741128;0,160749942;;;;;;
359,1999817;0,252492428;0,159981355;;;;;;
358,7999878;0,24944064;0,160933256;;;;;;
358,3999939;0,248431012;0,16030474;;;;;;
358;0,251156032;0,16053623;;;;;;
357,6000061;0,248985469;0,157391593;;;;;;
357,1999817;0,248958245;0,157761812;;;;;;
356,7999878;0,247995213;0,160155922;;;;;;
356,3999939;0,248019144;0,156693757;;;;;;
356;0,244693607;0,159018606;;;;;;
355,6000061;0,246217132;0,158467382;;;;;;
355,1999817;0,246391356;0,159034923;;;;;;
354,7999878;0,245858237;0,158051029;;;;;;
354,3999939;0,244531021;0,157939598;;;;;;
354;0,24451761;0,158855423;;;;;;
353,6000061;0,246262774;0,158873305;;;;;;
353,1999817;0,243636549;0,158210233;;;;;;
352,7999878;0,244643763;0,158159107;;;;;;
352,3999939;0,245862976;0,156871215;;;;;;
352;0,247040272;0,156718969;;;;;;
351,6000061;0,24556753;0,158383116;;;;;;
351,1999817;0,245072156;0,158807844;;;;;;
350,7999878;0,246786594;0,159889132;;;;;;
350,3999939;0,246928364;0,159288153;;;;;;
350;0,2493352;0,159319833;;;;;;
