Wavelength (nm),PSI fittonia,PSI arabidopsis
800,-1.60E-04,-6.25E-04
799.5999756,-3.85E-04,-5.25E-04
799.2000122,-2.72E-04,-3.85E-04
798.7999878,-2.01E-04,-7.42E-04
798.4000244,-1.98E-04,-5.35E-04
798,-4.43E-04,-7.99E-04
797.5999756,-4.52E-06,-4.58E-04
797.2000122,1.02E-04,-5.28E-04
796.7999878,-1.13E-05,-5.39E-04
796.4000244,-1.52E-04,-2.74E-04
796,1.12E-04,-6.79E-04
795.5999756,-9.41E-06,-5.63E-04
795.2000122,-2.28E-04,-5.98E-04
794.7999878,-5.15E-04,-8.39E-04
794.4000244,-2.87E-04,-6.72E-04
794,-2.06E-04,-8.70E-04
793.5999756,-2.96E-04,-7.37E-04
793.2000122,-2.95E-04,-6.48E-04
792.7999878,-2.25E-04,-5.77E-04
792.4000244,-3.97E-04,-7.17E-04
792,-4.66E-04,-7.60E-04
791.5999756,-4.68E-04,-6.40E-04
791.2000122,-4.47E-04,-6.30E-04
790.7999878,-3.93E-04,-9.31E-04
790.4000244,-3.07E-04,-5.06E-04
790,-3.54E-04,-8.21E-04
789.5999756,-2.22E-04,-8.02E-04
789.2000122,-1.56E-04,-7.17E-04
788.7999878,-3.13E-04,-6.34E-04
788.4000244,-4.06E-04,-0.001020209
788,-4.00E-04,-9.87E-04
787.5999756,-9.22E-05,-8.21E-04
787.2000122,-2.23E-05,-5.70E-04
786.7999878,-5.40E-04,-5.52E-04
786.4000244,-3.97E-04,-6.57E-04
786,-5.74E-04,-8.02E-04
785.5999756,-2.66E-04,-5.96E-04
785.2000122,-4.55E-04,-0.00106034
784.7999878,-1.65E-04,-9.16E-04
784.4000244,-4.26E-04,-7.81E-04
784,-3.81E-04,-0.00106473
783.5999756,-4.16E-04,-0.001244263
783.2000122,-2.51E-04,-6.67E-04
782.7999878,-3.07E-04,-0.001275494
782.4000244,-1.56E-04,-0.001107438
782,-4.78E-04,-0.001080894
781.5999756,-1.62E-04,-4.14E-04
781.2000122,-2.62E-04,-5.30E-04
780.7999878,-2.78E-04,-8.57E-04
780.4000244,-5.32E-04,-0.001213391
780,-3.87E-04,-0.001216798
779.5999756,-9.64E-05,-0.001263673
779.2000122,-3.46E-04,-0.001096181
778.7999878,-5.88E-04,-0.001187008
778.4000244,-3.73E-04,-0.001019021
778,-5.87E-04,-9.43E-04
777.5999756,-8.87E-04,-0.001240288
777.2000122,-5.73E-04,-0.001347653
776.7999878,-2.95E-04,-0.001167698
776.4000244,-6.14E-04,-0.001108677
776,-3.52E-04,-0.001183394
775.5999756,-6.47E-04,-0.001372168
775.2000122,-5.45E-04,-0.001440853
774.7999878,-1.61E-04,-9.35E-04
774.4000244,-1.66E-04,-0.001047583
774,1.73E-04,-6.24E-04
773.5999756,-1.12E-04,-7.78E-04
773.2000122,-3.76E-04,-0.001172758
772.7999878,-2.80E-04,-0.001340531
772.4000244,2.62E-06,-9.33E-04
772,-3.62E-05,-0.001110795
771.5999756,-2.59E-04,-0.001012823
771.2000122,-4.58E-05,-7.94E-04
770.7999878,7.72E-05,-0.001056208
770.4000244,-1.67E-04,-0.001198005
770,-6.81E-05,-0.00115954
769.5999756,-1.30E-04,-0.00120766
769.2000122,-1.04E-04,-0.001107077
768.7999878,5.02E-05,-0.001027595
768.4000244,-1.49E-04,-0.001288192
768,-3.02E-04,-0.0012725
767.5999756,-1.14E-04,-0.00117219
767.2000122,-1.78E-04,-0.001324479
766.7999878,7.99E-05,-8.79E-04
766.4000244,-9.54E-05,-0.001244418
766,1.29E-04,-0.001176166
765.5999756,2.59E-05,-0.001033328
765.2000122,6.60E-05,-8.48E-04
764.7999878,-3.64E-05,-0.001036892
764.4000244,1.61E-04,-0.0011915
764,1.06E-04,-0.001136201
763.5999756,-1.59E-05,-8.61E-04
763.2000122,1.96E-04,-0.001173016
762.7999878,4.27E-04,-0.001221857
762.4000244,2.18E-04,-0.001217056
762,6.90E-04,-9.31E-04
761.5999756,6.21E-04,-0.001030901
761.2000122,2.97E-04,-8.36E-04
760.7999878,2.23E-04,-0.001079603
760.4000244,3.91E-04,-0.001121536
760,6.42E-04,-6.78E-04
759.5999756,4.71E-04,-8.77E-04
759.2000122,4.78E-04,-8.44E-04
758.7999878,0.001051746,-6.50E-04
758.4000244,4.18E-04,-9.61E-04
758,4.64E-04,-0.001119728
757.5999756,8.65E-04,-0.001034981
757.2000122,9.37E-04,-8.02E-04
756.7999878,6.43E-04,-8.65E-04
756.4000244,7.72E-04,-9.25E-04
756,8.39E-04,-7.64E-04
755.5999756,0.001113289,-8.35E-04
755.2000122,0.001237485,-6.87E-04
754.7999878,0.001138858,-5.16E-04
754.4000244,0.001009331,-6.03E-04
754,0.001101537,-6.35E-04
753.5999756,0.001192783,-9.66E-04
753.2000122,0.001334588,-7.15E-04
752.7999878,0.001405198,-5.00E-04
752.4000244,0.001703187,-4.00E-04
752,0.001663082,-3.31E-04
751.5999756,0.001631187,-1.77E-04
751.2000122,0.00140004,-5.68E-04
750.7999878,0.002096123,-3.61E-04
750.4000244,0.001871958,-3.24E-04
750,0.002068484,-2.14E-04
749.5999756,0.002140092,-3.52E-04
749.2000122,0.002489104,-2.40E-04
748.7999878,0.00208641,-3.83E-04
748.4000244,0.002525355,-7.45E-05
748,0.002660405,-5.23E-05
747.5999756,0.002786804,1.47E-04
747.2000122,0.002710846,1.90E-05
746.7999878,0.002794255,7.72E-05
746.4000244,0.00280978,-3.05E-05
746,0.003118186,-8.35E-05
745.5999756,0.00326176,2.85E-05
745.2000122,0.003477626,4.12E-04
744.7999878,0.00356691,5.07E-04
744.4000244,0.003566107,4.95E-04
744,0.003629459,7.26E-04
743.5999756,0.003820972,4.41E-04
743.2000122,0.00390501,3.28E-04
742.7999878,0.004118237,5.69E-04
742.4000244,0.004549343,7.39E-04
742,0.004719484,0.001114422
741.5999756,0.004557864,0.001041968
741.2000122,0.004683413,9.05E-04
740.7999878,0.005118047,0.001201968
740.4000244,0.005356413,0.001487389
740,0.006125717,0.00172962
739.5999756,0.005680411,0.001508637
739.2000122,0.005472612,0.001410277
738.7999878,0.005869652,0.001880019
738.4000244,0.006163551,0.001994505
738,0.00649191,0.00217416
737.5999756,0.006569341,0.002328149
737.2000122,0.00682467,0.002399958
736.7999878,0.007142422,0.002607931
736.4000244,0.007320118,0.002500026
736,0.007494878,0.00251268
735.5999756,0.00778878,0.002672103
735.2000122,0.00821278,0.002964278
734.7999878,0.00831929,0.003172365
734.4000244,0.008539336,0.003344603
734,0.008763062,0.003603428
733.5999756,0.009165302,0.003907096
733.2000122,0.009493837,0.004107011
732.7999878,0.010083633,0.004453162
732.4000244,0.010361678,0.004711367
732,0.010249797,0.005082278
731.5999756,0.010649702,0.005118501
731.2000122,0.011080752,0.005257739
730.7999878,0.011601491,0.005941107
730.4000244,0.011882624,0.006067509
730,0.012339945,0.006199568
729.5999756,0.012674518,0.006710615
729.2000122,0.01276537,0.006794407
728.7999878,0.013673604,0.007270986
728.4000244,0.014041599,0.00742969
728,0.014320836,0.008117938
727.5999756,0.014708101,0.008287849
727.2000122,0.01503785,0.00849684
726.7999878,0.015320817,0.008814094
726.4000244,0.016090492,0.009388297
726,0.016507591,0.009969616
725.5999756,0.01725824,0.010469106
725.2000122,0.017472667,0.011112659
724.7999878,0.017937149,0.011407062
724.4000244,0.018438284,0.011886712
724,0.019147707,0.012577775
723.5999756,0.01961046,0.012979312
723.2000122,0.020235255,0.013617384
722.7999878,0.020886521,0.014281112
722.4000244,0.021380053,0.015039371
722,0.021924735,0.015613149
721.5999756,0.022695189,0.016090028
721.2000122,0.023137256,0.016752223
720.7999878,0.023831075,0.017421894
720.4000244,0.024586448,0.018171085
720,0.02540495,0.018977005
719.5999756,0.026074912,0.019954976
719.2000122,0.02661289,0.020719089
718.7999878,0.027237692,0.021268563
718.4000244,0.028131779,0.022068763
718,0.028914185,0.02299851
717.5999756,0.029865015,0.024079047
717.2000122,0.030192784,0.024820143
716.7999878,0.031022429,0.025912674
716.4000244,0.031764369,0.02682093
716,0.033071596,0.02793524
715.5999756,0.033787176,0.028973214
715.2000122,0.034536143,0.030296806
714.7999878,0.035168861,0.031183137
714.4000244,0.036284504,0.032523841
714,0.037092724,0.033626944
713.5999756,0.038579599,0.034983955
713.2000122,0.039551207,0.036301341
712.7999878,0.040029579,0.037536927
712.4000244,0.041052529,0.038827784
712,0.042573714,0.040367942
711.5999756,0.043436409,0.041653521
711.2000122,0.044696433,0.043436136
710.7999878,0.045726502,0.044805769
710.4000244,0.04696813,0.046524115
710,0.04831344,0.048140012
709.5999756,0.049545208,0.049888119
709.2000122,0.05114117,0.051799007
708.7999878,0.052317483,0.053645138
708.4000244,0.053629053,0.055660933
708,0.055311126,0.057791028
707.5999756,0.056665437,0.059655558
707.2000122,0.058210248,0.061740302
706.7999878,0.060077318,0.064031273
706.4000244,0.061650423,0.066326097
706,0.063546804,0.068750858
705.5999756,0.065634431,0.071578391
705.2000122,0.067398818,0.074061468
704.7999878,0.069575482,0.076804422
704.4000244,0.071551816,0.079919077
704,0.07426081,0.083159231
703.5999756,0.076349833,0.086252958
703.2000122,0.079008864,0.089824311
702.7999878,0.081938223,0.093565188
702.4000244,0.084708379,0.09728127
702,0.08765527,0.101113878
701.5999756,0.091182248,0.105474204
701.2000122,0.095058383,0.109973304
700.7999878,0.098690325,0.114593849
700.4000244,0.10232062,0.119704098
700,0.106549682,0.124790765
699.5999756,0.111383507,0.130306065
699.2000122,0.115780049,0.136025399
698.7999878,0.121095398,0.14254792
698.4000244,0.126867139,0.149545133
698,0.132207611,0.155967295
697.5999756,0.13862499,0.163590848
697.2000122,0.144888976,0.171238899
696.7999878,0.151696199,0.179084763
696.4000244,0.158744702,0.187426254
696,0.16622425,0.196234822
695.5999756,0.174327263,0.205638647
695.2000122,0.182281861,0.215419889
694.7999878,0.190961206,0.225656509
694.4000244,0.200134197,0.236219406
694,0.209668794,0.247124031
693.5999756,0.219688678,0.259112328
693.2000122,0.229986036,0.271299511
692.7999878,0.240897575,0.284271807
692.4000244,0.252447629,0.297875226
692,0.264323154,0.312110961
691.5999756,0.276367167,0.326598465
691.2000122,0.288888016,0.34144327
690.7999878,0.3023581,0.357654512
690.4000244,0.316236952,0.374073774
690,0.33054302,0.391170621
689.5999756,0.345203945,0.408669949
689.2000122,0.360435107,0.426879823
688.7999878,0.375830182,0.445266932
688.4000244,0.391400346,0.464090377
688,0.407559225,0.48347798
687.5999756,0.423988679,0.503052056
687.2000122,0.440976092,0.52312845
686.7999878,0.457904705,0.543444753
686.4000244,0.474623987,0.563506901
686,0.491149464,0.583445966
685.5999756,0.507665434,0.603369534
685.2000122,0.523656824,0.622953832
684.7999878,0.53942118,0.641735554
684.4000244,0.554471233,0.659961462
684,0.569077113,0.677701175
683.5999756,0.582327405,0.69383049
683.2000122,0.594754079,0.708955944
682.7999878,0.605880836,0.722979426
682.4000244,0.615969577,0.735478461
682,0.625113287,0.746406555
681.5999756,0.632733205,0.755717516
681.2000122,0.639151195,0.763892293
680.7999878,0.644534627,0.77044332
680.4000244,0.649046281,0.775474191
680,0.652377883,0.779429376
679.5999756,0.654469529,0.781874716
679.2000122,0.655875304,0.783194125
678.7999878,0.656374791,0.783055961
678.4000244,0.656218806,0.782511413
678,0.655524889,0.78107971
677.5999756,0.654048005,0.778302133
677.2000122,0.651536742,0.774835944
676.7999878,0.64907656,0.771024287
676.4000244,0.645807305,0.766591251
676,0.641979435,0.761328459
675.5999756,0.637653986,0.756091058
675.2000122,0.633192101,0.750115216
674.7999878,0.628169337,0.743686557
674.4000244,0.622776964,0.737422943
674,0.616709211,0.730631709
673.5999756,0.610776225,0.723576486
673.2000122,0.604192296,0.715782821
672.7999878,0.597567239,0.70845592
672.4000244,0.59042708,0.700848162
672,0.583049396,0.692679763
671.5999756,0.575301149,0.68443805
671.2000122,0.567344347,0.675777733
670.7999878,0.558871666,0.666988969
670.4000244,0.550258854,0.657794058
670,0.541592815,0.648770809
669.5999756,0.532425204,0.639121294
669.2000122,0.52333627,0.629209399
668.7999878,0.513898113,0.619328678
668.4000244,0.50410811,0.608896792
668,0.494582453,0.598524392
667.5999756,0.484401146,0.587461948
667.2000122,0.474348107,0.576583505
666.7999878,0.464394697,0.565768778
666.4000244,0.454434612,0.554156959
666,0.444056579,0.542763829
665.5999756,0.433624962,0.531310022
665.2000122,0.423395345,0.519392729
664.7999878,0.413247684,0.507639408
664.4000244,0.402881721,0.495968372
664,0.392842421,0.484319925
663.5999756,0.38320286,0.472525209
663.2000122,0.373097131,0.46096006
662.7999878,0.363277176,0.449439168
662.4000244,0.353858867,0.437696904
662,0.344376513,0.426619649
661.5999756,0.335172334,0.415854365
661.2000122,0.32612724,0.404825896
660.7999878,0.317338416,0.394342095
660.4000244,0.308464417,0.383779526
660,0.300208637,0.373714745
659.5999756,0.292565653,0.364367098
659.2000122,0.285140553,0.35530296
658.7999878,0.277255574,0.346062481
658.4000244,0.270622083,0.337688148
658,0.26390017,0.329657853
657.5999756,0.257425764,0.321763337
657.2000122,0.251179093,0.314173013
656.7999878,0.245256895,0.307058215
656.4000244,0.239410171,0.300132722
656,0.234538415,0.294362217
655.5999756,0.229758957,0.287993789
655.2000122,0.225367749,0.282480359
654.7999878,0.220958167,0.276994765
654.4000244,0.216763729,0.272055447
654,0.213023239,0.267142981
653.5999756,0.209367016,0.262656093
653.2000122,0.206214377,0.258286089
652.7999878,0.203150088,0.254375011
652.4000244,0.20034402,0.250716984
652,0.197576114,0.24705869
651.5999756,0.195087397,0.243493766
651.2000122,0.192518645,0.240213156
650.7999878,0.190093303,0.237134248
650.4000244,0.188016826,0.234207764
650,0.186021531,0.231124923
649.5999756,0.183929706,0.228554308
649.2000122,0.18190425,0.225679755
648.7999878,0.180299216,0.223125666
648.4000244,0.178806135,0.220798001
648,0.176980445,0.218501881
647.5999756,0.175253206,0.216158509
647.2000122,0.174068028,0.21431537
646.7999878,0.172371232,0.212150455
646.4000244,0.171137223,0.210418075
646,0.169745484,0.208424196
645.5999756,0.168692344,0.206844136
645.2000122,0.167645016,0.205203489
644.7999878,0.166664073,0.203973055
644.4000244,0.165650079,0.202472702
644,0.164897436,0.201119229
643.5999756,0.163858423,0.199969828
643.2000122,0.163282761,0.199045733
642.7999878,0.162536943,0.198107749
642.4000244,0.16237531,0.197515324
642,0.162086824,0.19685258
641.5999756,0.161723861,0.195753321
641.2000122,0.161073425,0.195212215
640.7999878,0.160807007,0.194641396
640.4000244,0.160676727,0.194094315
640,0.16061745,0.194094345
639.5999756,0.159941354,0.193429902
639.2000122,0.159992286,0.192986384
638.7999878,0.159970441,0.192789018
638.4000244,0.159809107,0.192799345
638,0.159862587,0.192378804
637.5999756,0.159882688,0.192376062
637.2000122,0.160011718,0.192518905
636.7999878,0.159988308,0.192490324
636.4000244,0.15981386,0.192019925
636,0.160094419,0.192109793
635.5999756,0.160232776,0.19208546
635.2000122,0.160206371,0.192124739
634.7999878,0.16031959,0.192185789
634.4000244,0.159957999,0.192104757
634,0.160188863,0.192261264
633.5999756,0.16042901,0.192419887
633.2000122,0.160659277,0.192667857
632.7999878,0.160695144,0.192651361
632.4000244,0.160646254,0.192727685
632,0.160926559,0.192783967
631.5999756,0.160757685,0.192766294
631.2000122,0.160887533,0.193080291
630.7999878,0.161090144,0.192919686
630.4000244,0.161010662,0.193022102
630,0.16069656,0.192765087
629.5999756,0.160668099,0.192711234
629.2000122,0.16059486,0.192419156
628.7999878,0.160643601,0.192378879
628.4000244,0.160504186,0.192141905
628,0.160551587,0.19202891
627.5999756,0.160322824,0.1916302
627.2000122,0.159843647,0.191095039
626.7999878,0.159476125,0.190889299
626.4000244,0.159123176,0.190419674
626,0.158860663,0.19018817
625.5999756,0.158573532,0.190000296
625.2000122,0.158296236,0.18971765
624.7999878,0.15769268,0.188646913
624.4000244,0.157268995,0.188066214
624,0.15689277,0.187612981
623.5999756,0.1562038,0.186767936
623.2000122,0.155197883,0.186281994
622.7999878,0.154398093,0.185141057
622.4000244,0.153787383,0.18439135
622,0.152895042,0.183531731
621.5999756,0.152331093,0.182951197
621.2000122,0.151629159,0.181427538
620.7999878,0.150513092,0.180429533
620.4000244,0.149548733,0.179367811
620,0.148787567,0.178369016
619.5999756,0.147420698,0.177051649
619.2000122,0.146332943,0.175793603
618.7999878,0.145679498,0.174870357
618.4000244,0.144585574,0.173343524
618,0.143361995,0.172264904
617.5999756,0.142202595,0.171046332
617.2000122,0.140992278,0.169486105
616.7999878,0.139761323,0.167835802
616.4000244,0.138466009,0.166477382
616,0.137134531,0.164823368
615.5999756,0.135738918,0.163137108
615.2000122,0.134100997,0.161607638
614.7999878,0.132987985,0.16022642
614.4000244,0.131556684,0.158340037
614,0.130246678,0.156448588
613.5999756,0.129054406,0.155013368
613.2000122,0.127651499,0.153360859
612.7999878,0.126231039,0.151818529
612.4000244,0.12499422,0.150453508
612,0.123476224,0.148744151
611.5999756,0.122322777,0.147325382
611.2000122,0.120937848,0.145699367
610.7999878,0.119547264,0.144184172
610.4000244,0.118351059,0.142628774
610,0.117218026,0.141588375
609.5999756,0.116073848,0.13983421
609.2000122,0.114661799,0.138421863
608.7999878,0.113748179,0.137074575
608.4000244,0.112687798,0.135728926
608,0.111331747,0.134444162
607.5999756,0.110267827,0.133091867
607.2000122,0.109643148,0.132031247
606.7999878,0.108510935,0.130810916
606.4000244,0.107204007,0.129544199
606,0.106722833,0.128934637
605.5999756,0.105860615,0.127883613
605.2000122,0.105075346,0.12701796
604.7999878,0.10435337,0.12593469
604.4000244,0.103753784,0.125249341
604,0.102846222,0.124299273
603.5999756,0.102567451,0.123906598
603.2000122,0.102285312,0.123212159
602.7999878,0.101597288,0.122589685
602.4000244,0.100986221,0.122058608
602,0.100525947,0.121189557
601.5999756,0.100188242,0.1205943
601.2000122,0.099598871,0.120121665
600.7999878,0.099468292,0.119825006
600.4000244,0.099440591,0.119567446
600,0.09882296,0.119272254
599.5999756,0.098708296,0.118912347
599.2000122,0.098525824,0.118389145
598.7999878,0.098157512,0.118299671
598.4000244,0.097901182,0.118126147
598,0.09777894,0.117709778
597.5999756,0.097554216,0.11750304
597.2000122,0.097253607,0.117124967
596.7999878,0.097159551,0.11667908
596.4000244,0.097245084,0.116764903
596,0.096833543,0.116504818
595.5999756,0.096721457,0.11646542
595.2000122,0.096496285,0.116264507
594.7999878,0.096422256,0.116062239
594.4000244,0.096202442,0.115761578
594,0.095712015,0.115431212
593.5999756,0.095806496,0.115375564
593.2000122,0.095494763,0.114748061
592.7999878,0.095369549,0.114701673
592.4000244,0.095152275,0.113971986
592,0.095266642,0.114027485
591.5999756,0.094737658,0.113619939
591.2000122,0.094129832,0.113302752
590.7999878,0.093922147,0.112862788
590.4000244,0.093773195,0.112698771
590,0.093545304,0.112240747
589.5999756,0.093198487,0.111651361
589.2000122,0.092829594,0.111220449
588.7999878,0.092707941,0.111193165
588.4000244,0.092166485,0.110624969
588,0.091671893,0.110232577
587.5999756,0.091368669,0.109521478
587.2000122,0.091106237,0.109226577
586.7999878,0.090651685,0.108923063
586.4000244,0.090277919,0.10831447
586,0.089427242,0.107569456
585.5999756,0.089136401,0.10706225
585.2000122,0.088816585,0.106442139
584.7999878,0.088112892,0.105679594
584.4000244,0.087485054,0.105100587
584,0.087093362,0.104435623
583.5999756,0.086564416,0.103833415
583.2000122,0.08588604,0.103311405
582.7999878,0.085456388,0.102482848
582.4000244,0.084872784,0.101833232
582,0.084355147,0.101215735
581.5999756,0.083786735,0.100419171
581.2000122,0.083242582,0.099702746
580.7999878,0.08246977,0.098927706
580.4000244,0.081354277,0.0979077
580,0.080961013,0.097148225
579.5999756,0.080205941,0.096550599
579.2000122,0.079371819,0.095531307
578.7999878,0.078696506,0.094603777
578.4000244,0.077942596,0.093809448
578,0.076905297,0.092743933
577.5999756,0.076339775,0.091924585
577.2000122,0.075521262,0.090761937
576.7999878,0.074570389,0.089774303
576.4000244,0.073775859,0.089118809
576,0.072882095,0.088044629
575.5999756,0.072013529,0.086904511
575.2000122,0.071363763,0.086228646
574.7999878,0.07058251,0.084982768
574.4000244,0.069802271,0.083704285
574,0.068948278,0.082957953
573.5999756,0.067838976,0.081789434
573.2000122,0.067082243,0.080645427
572.7999878,0.066336469,0.079650223
572.4000244,0.065176161,0.078701034
572,0.064286248,0.077447362
571.5999756,0.063441174,0.076580964
571.2000122,0.062612412,0.075730465
570.7999878,0.061748089,0.074844047
570.4000244,0.061145013,0.073803239
570,0.060455182,0.072735265
569.5999756,0.059618024,0.07158196
569.2000122,0.059034327,0.070789203
568.7999878,0.057924622,0.069791652
568.4000244,0.057196715,0.06892921
568,0.056399384,0.067996457
567.5999756,0.055597493,0.067239642
567.2000122,0.054730912,0.066186465
566.7999878,0.054020939,0.06535098
566.4000244,0.053345201,0.06469357
566,0.052556151,0.063694224
565.5999756,0.052089205,0.063210279
565.2000122,0.051709653,0.062472306
564.7999878,0.051064362,0.061868694
564.4000244,0.050373805,0.061320826
564,0.050028609,0.060466938
563.5999756,0.049511091,0.05989876
563.2000122,0.048920815,0.059334114
562.7999878,0.048293041,0.059002794
562.4000244,0.048072984,0.058286376
562,0.047839006,0.057833761
561.5999756,0.047099998,0.05713468
561.2000122,0.046701537,0.05685664
560.7999878,0.046587934,0.05658491
560.4000244,0.046321289,0.056266993
560,0.046205097,0.055810027
559.5999756,0.045977694,0.055671673
559.2000122,0.045934999,0.055216629
558.7999878,0.045238735,0.054994717
558.4000244,0.045148504,0.054600466
558,0.044937362,0.054569118
557.5999756,0.044701362,0.05476338
557.2000122,0.044633863,0.054455042
556.7999878,0.044623462,0.054078836
556.4000244,0.044275773,0.053942058
556,0.044113682,0.053871222
555.5999756,0.044189156,0.053627156
555.2000122,0.044453272,0.053624433
554.7999878,0.043948328,0.053519592
554.4000244,0.04392304,0.053492833
554,0.043799838,0.053354833
553.5999756,0.043450703,0.053278562
553.2000122,0.043803507,0.053557545
552.7999878,0.043911492,0.053245876
552.4000244,0.043877786,0.053375117
552,0.043711299,0.053467184
551.5999756,0.044012362,0.053642824
551.2000122,0.044264415,0.053717401
550.7999878,0.044072365,0.053696282
550.4000244,0.044041952,0.053626657
550,0.044330431,0.053895839
549.5999756,0.044318502,0.054073852
549.2000122,0.044462783,0.05416334
548.7999878,0.044481465,0.054187067
548.4000244,0.044511428,0.05428664
548,0.044787993,0.054656826
547.5999756,0.044609872,0.054815095
547.2000122,0.044863412,0.054792657
546.7999878,0.04514859,0.054981645
546.4000244,0.045038843,0.055075727
546,0.045226866,0.055194553
545.5999756,0.045316373,0.055338196
545.2000122,0.045643566,0.055690184
544.7999878,0.045575665,0.055537276
544.4000244,0.045855851,0.055835962
544,0.045842139,0.056126017
543.5999756,0.046018591,0.056342464
543.2000122,0.046486606,0.056477524
542.7999878,0.046629434,0.056846458
542.4000244,0.046591481,0.05695786
542,0.046847986,0.057246126
541.5999756,0.047143751,0.057388764
541.2000122,0.047041779,0.057723232
540.7999878,0.047341493,0.058100328
540.4000244,0.047481304,0.058144953
540,0.047931892,0.058660142
539.5999756,0.047980984,0.058962289
539.2000122,0.048062762,0.058975603
538.7999878,0.048284852,0.059276637
538.4000244,0.048528673,0.05939807
538,0.048583785,0.059845842
537.5999756,0.04917982,0.060171533
537.2000122,0.049179187,0.060267668
536.7999878,0.049213105,0.060698241
536.4000244,0.04995015,0.061525114
536,0.050267146,0.061526876
535.5999756,0.050250174,0.061728366
535.2000122,0.050839403,0.062424991
534.7999878,0.05129352,0.063053563
534.4000244,0.051289616,0.063156895
534,0.051915222,0.064012825
533.5999756,0.052202546,0.064340964
533.2000122,0.052889717,0.065318786
532.7999878,0.053108247,0.065690942
532.4000244,0.053668001,0.06648156
532,0.054095881,0.067018278
531.5999756,0.054272254,0.067738637
531.2000122,0.054905356,0.068466254
530.7999878,0.055817304,0.069488831
530.4000244,0.056502698,0.070447326
530,0.057060895,0.071194537
529.5999756,0.057367781,0.072100148
529.2000122,0.058199344,0.073153757
528.7999878,0.059096122,0.074399598
528.4000244,0.059828786,0.075405896
528,0.060504442,0.076733001
527.5999756,0.06109506,0.077812508
527.2000122,0.062234235,0.079232857
526.7999878,0.063058888,0.080666535
526.4000244,0.064165806,0.082172163
526,0.065153041,0.083407894
525.5999756,0.066107558,0.085105903
525.2000122,0.067271808,0.086969495
524.7999878,0.068307803,0.088457353
524.4000244,0.069401802,0.090130918
524,0.070806169,0.092272215
523.5999756,0.071949208,0.094132572
523.2000122,0.073157379,0.096220434
522.7999878,0.074442246,0.098495498
522.4000244,0.075990589,0.100529246
522,0.077401073,0.102945089
521.5999756,0.078513631,0.105111368
521.2000122,0.080337138,0.107559741
520.7999878,0.081829549,0.10986425
520.4000244,0.083589116,0.112462238
520,0.085199253,0.114853673
519.5999756,0.087275931,0.117700785
519.2000122,0.088992299,0.120218448
518.7999878,0.090766871,0.122903459
518.4000244,0.092522436,0.12565133
518,0.094507122,0.128256112
517.5999756,0.0962061,0.131517127
517.2000122,0.098432363,0.134435564
516.7999878,0.100500384,0.137505308
516.4000244,0.102511787,0.140326411
516,0.10496583,0.14372842
515.5999756,0.107509704,0.146981314
515.2000122,0.109620878,0.15010339
514.7999878,0.11177765,0.153577372
514.4000244,0.114238748,0.15676029
514,0.11672631,0.159955457
513.5999756,0.118918547,0.163131565
513.2000122,0.121395329,0.166497856
512.7999878,0.124141009,0.170038059
512.4000244,0.126785064,0.17348592
512,0.12946246,0.177292377
511.6000061,0.132067361,0.180439264
511.1999817,0.135078081,0.18406032
510.7999878,0.137762108,0.18776001
510.3999939,0.140747139,0.191494957
510,0.143461355,0.194758967
509.6000061,0.146608451,0.198490381
509.1999817,0.149626145,0.202511534
508.7999878,0.152783343,0.206165388
508.3999939,0.155895376,0.209819749
508,0.158926034,0.213457838
507.6000061,0.162093052,0.217228711
507.1999817,0.165486464,0.220823824
506.7999878,0.168256679,0.22433351
506.3999939,0.17167584,0.228088155
506,0.175236309,0.232149765
505.6000061,0.178890893,0.236045331
505.1999817,0.182236487,0.239742905
504.7999878,0.185415158,0.243296728
504.3999939,0.18891246,0.246870965
504,0.192355448,0.250838697
503.6000061,0.195920461,0.254320145
503.1999817,0.199329549,0.257923633
502.7999878,0.202828491,0.261393189
502.3999939,0.206190416,0.26513496
502,0.209838459,0.26848805
501.6000061,0.21340009,0.271711052
501.1999817,0.216645726,0.274963677
500.7999878,0.219714427,0.278236687
500.3999939,0.223085681,0.281145215
500,0.226334923,0.284005642
499.6000061,0.229944044,0.287336737
499.1999817,0.233158776,0.290223271
498.7999878,0.236071476,0.292947918
498.3999939,0.239072749,0.295618624
498,0.241801152,0.298071533
497.6000061,0.244725355,0.30082041
497.1999817,0.247708657,0.3034679
496.7999878,0.250473776,0.305818737
496.3999939,0.253186563,0.308076412
496,0.255954364,0.310581327
495.6000061,0.258353391,0.312481403
495.1999817,0.260804066,0.314591885
494.7999878,0.263531038,0.316809684
494.3999939,0.265589097,0.318783045
494,0.267666349,0.320625514
493.6000061,0.270143875,0.32253623
493.1999817,0.272111127,0.324170619
492.7999878,0.273903647,0.325952739
492.3999939,0.276043424,0.327538401
492,0.278299639,0.32950744
491.6000061,0.280035862,0.331261694
491.1999817,0.281763413,0.333086908
490.7999878,0.283354738,0.334900856
490.3999939,0.285036007,0.336376578
490,0.286499062,0.337947846
489.6000061,0.288374045,0.339838892
489.1999817,0.289452204,0.341252118
488.7999878,0.291132817,0.34288168
488.3999939,0.292479494,0.344808281
488,0.293938973,0.346598148
487.6000061,0.295123377,0.348664343
487.1999817,0.296450415,0.350150704
486.7999878,0.297746757,0.352109879
486.3999939,0.298828074,0.353745312
486,0.299827108,0.355657637
485.6000061,0.301072457,0.357780755
485.1999817,0.302512833,0.359557003
484.7999878,0.303777823,0.361653119
484.3999939,0.304742584,0.363796443
484,0.306222597,0.366136789
483.6000061,0.307282546,0.368289262
483.1999817,0.308393785,0.370629042
482.7999878,0.309304723,0.373044789
482.3999939,0.311009774,0.375781864
482,0.312334666,0.378131777
481.6000061,0.313422301,0.380625814
481.1999817,0.315228084,0.383760274
480.7999878,0.316479632,0.386243105
480.3999939,0.317753205,0.389085293
480,0.319950619,0.392374873
479.6000061,0.321582952,0.395315349
479.1999817,0.323495516,0.398646385
478.7999878,0.324899474,0.401570499
478.3999939,0.326531658,0.40465951
478,0.328393111,0.407846093
477.6000061,0.330560097,0.411289305
477.1999817,0.332602063,0.414753556
476.7999878,0.334567973,0.417994857
476.3999939,0.336263487,0.420478851
476,0.337964752,0.423438221
475.6000061,0.340127149,0.426475078
475.1999817,0.34222556,0.429349393
474.7999878,0.344088653,0.432291687
474.3999939,0.34605796,0.434744686
474,0.347920963,0.437474102
473.6000061,0.34966127,0.439794391
473.1999817,0.351229796,0.442033291
472.7999878,0.353028634,0.444198281
472.3999939,0.354402223,0.445817381
472,0.355686107,0.447502971
471.6000061,0.357311883,0.449144691
471.1999817,0.35891948,0.450977534
470.7999878,0.360138336,0.451899767
470.3999939,0.361122438,0.453134507
470,0.362481812,0.454295456
469.6000061,0.363306889,0.45503661
469.1999817,0.364497939,0.455782473
468.7999878,0.365346053,0.456397206
468.3999939,0.36605365,0.456758142
468,0.366846749,0.457192898
467.6000061,0.367637554,0.457464755
467.1999817,0.368388185,0.457578957
466.7999878,0.369027951,0.457777828
466.3999939,0.369603971,0.45786494
466,0.370520303,0.45791778
465.6000061,0.370981941,0.457957983
465.1999817,0.37176896,0.457855731
464.7999878,0.372432569,0.457941592
464.3999939,0.373714486,0.458328307
464,0.374376306,0.458477765
463.6000061,0.374957928,0.458281577
463.1999817,0.376037159,0.458224237
462.7999878,0.376957038,0.458730668
462.3999939,0.378151068,0.459042668
462,0.379504302,0.459605932
461.6000061,0.381081888,0.460539937
461.1999817,0.382541755,0.46136117
460.7999878,0.384130278,0.462781996
460.3999939,0.386332819,0.464202017
460,0.388503173,0.46571365
459.6000061,0.391078898,0.467824161
459.1999817,0.393887648,0.470596999
458.7999878,0.397152999,0.473422051
458.3999939,0.400284657,0.476661831
458,0.404079416,0.480300933
457.6000061,0.408381501,0.484637857
457.1999817,0.4129904,0.489435285
456.7999878,0.417823234,0.494959891
456.3999939,0.423540422,0.500838876
456,0.429283747,0.507322669
455.6000061,0.435587147,0.514768302
455.1999817,0.443008879,0.522996247
454.7999878,0.450765827,0.531738639
454.3999939,0.458930382,0.541392684
454,0.46755422,0.55148685
453.6000061,0.477247783,0.563064516
453.1999817,0.487306276,0.575459003
452.7999878,0.497719535,0.58831358
452.3999939,0.509482899,0.601809263
452,0.521604398,0.616395235
451.6000061,0.533844033,0.631811023
451.1999817,0.547289172,0.648208618
450.7999878,0.561264017,0.665041208
450.3999939,0.575266102,0.682424247
450,0.589701989,0.70019567
449.6000061,0.605650285,0.719485045
449.1999817,0.621255794,0.739121079
448.7999878,0.637108901,0.758702159
448.3999939,0.653617659,0.779234767
448,0.670679191,0.799801946
447.6000061,0.687033275,0.820313811
447.1999817,0.703487614,0.84074527
446.7999878,0.720133403,0.861913323
446.3999939,0.736871102,0.882555604
446,0.752898732,0.902803659
445.6000061,0.769343117,0.923166871
445.1999817,0.785470405,0.943207085
444.7999878,0.800731578,0.962103844
444.3999939,0.815353492,0.979992509
444,0.829585472,0.997444272
443.6000061,0.843114176,1.014546514
443.1999817,0.856358924,1.030498981
442.7999878,0.868856767,1.046025753
442.3999939,0.880378285,1.060457349
442,0.890976289,1.073323369
441.6000061,0.90059475,1.085113764
441.1999817,0.909574845,1.09627378
440.7999878,0.918212512,1.105904341
440.3999939,0.925240853,1.115062594
440,0.931684771,1.122744083
439.6000061,0.937194207,1.12927568
439.1999817,0.941111723,1.134144068
438.7999878,0.945236483,1.138505459
438.3999939,0.948016146,1.142167926
438,0.950103143,1.144230843
437.6000061,0.951014438,1.145471692
437.1999817,0.951269308,1.145487547
436.7999878,0.951112547,1.144753695
436.3999939,0.949689129,1.14334023
436,0.947960594,1.140522242
435.6000061,0.945813218,1.137854457
435.1999817,0.942731896,1.13378036
434.7999878,0.939288059,1.129178405
434.3999939,0.935676196,1.124121666
434,0.931423464,1.118464828
433.6000061,0.926721075,1.112465739
433.1999817,0.922055462,1.106181264
432.7999878,0.917001703,1.09947288
432.3999939,0.911516228,1.092429757
432,0.905929246,1.085577488
431.6000061,0.900730172,1.07795918
431.1999817,0.895219603,1.07085073
430.7999878,0.889587083,1.064056158
430.3999939,0.88417522,1.056687593
430,0.878985742,1.049450278
429.6000061,0.87366114,1.042629004
429.1999817,0.868780115,1.03608954
428.7999878,0.863889435,1.029887915
428.3999939,0.859196284,1.023831606
428,0.854770341,1.018499136
427.6000061,0.85072563,1.013177872
427.1999817,0.846948126,1.008178353
426.7999878,0.843524554,1.003741264
426.3999939,0.840095022,0.999111652
426,0.837152699,0.995186329
425.6000061,0.834432581,0.991934955
425.1999817,0.831829229,0.988702893
424.7999878,0.829057434,0.985465646
424.3999939,0.827246645,0.983116686
424,0.825244704,0.981098235
423.6000061,0.823641577,0.978646457
423.1999817,0.821912268,0.976722479
422.7999878,0.820340732,0.974891424
422.3999939,0.818453947,0.97292167
422,0.816913107,0.971010208
421.6000061,0.815484562,0.969794869
421.1999817,0.813634613,0.967827201
420.7999878,0.811965087,0.965773821
420.3999939,0.810263672,0.964366913
420,0.80833284,0.962274432
419.6000061,0.806055227,0.96037668
419.1999817,0.804209629,0.958141089
418.7999878,0.801918784,0.955328763
418.3999939,0.799280444,0.952722073
418,0.796181598,0.949512839
417.6000061,0.793477276,0.945917547
417.1999817,0.7901418,0.942450523
416.7999878,0.786592105,0.938221455
416.3999939,0.78299413,0.933898032
416,0.778571168,0.929200947
415.6000061,0.773730257,0.924215317
415.1999817,0.769541123,0.918586969
414.7999878,0.764466861,0.913212359
414.3999939,0.758818665,0.906535506
414,0.753511408,0.900315583
413.6000061,0.747979858,0.893447399
413.1999817,0.742124119,0.886525631
412.7999878,0.735779443,0.879100442
412.3999939,0.729598978,0.872037649
412,0.723450819,0.864244402
411.6000061,0.716417351,0.856026888
411.1999817,0.709603944,0.847666562
410.7999878,0.702851751,0.839231551
410.3999939,0.695569792,0.830778182
410,0.688538173,0.822619259
409.6000061,0.681575933,0.813822329
409.1999817,0.67501525,0.805389345
408.7999878,0.667702714,0.796700358
408.3999939,0.660814443,0.788522959
408,0.653832057,0.779828012
407.6000061,0.647422889,0.771599293
407.1999817,0.640522578,0.763603807
406.7999878,0.634130874,0.755623043
406.3999939,0.627712825,0.747711062
406,0.62131516,0.739759803
405.6000061,0.615458587,0.732562363
405.1999817,0.609273532,0.725555062
404.7999878,0.603535691,0.718569398
404.3999939,0.598259011,0.711887658
404,0.593200782,0.705340624
403.6000061,0.588280001,0.699296117
403.1999817,0.583343008,0.694036067
402.7999878,0.578687289,0.688173533
402.3999939,0.574386576,0.683084607
402,0.570450404,0.677934647
401.6000061,0.566338995,0.673404515
401.1999817,0.563221851,0.669314563
400.7999878,0.559350529,0.665073216
400.3999939,0.555886784,0.66108489
400,0.552784482,0.657312572
399.6000061,0.55007998,0.654393792
399.1999817,0.547715881,0.651324928
398.7999878,0.545422116,0.64844501
398.3999939,0.543002644,0.645782292
398,0.541057149,0.643997431
397.6000061,0.538905659,0.641478658
397.1999817,0.537539044,0.639461637
396.7999878,0.53591291,0.637605071
396.3999939,0.534296134,0.636020303
396,0.532824495,0.634567499
395.6000061,0.531686225,0.632864118
395.1999817,0.530435064,0.631544471
394.7999878,0.52885119,0.630312502
394.3999939,0.52806125,0.62906605
394,0.526952186,0.627654254
393.6000061,0.526217022,0.626977384
393.1999817,0.5245832,0.625477314
392.7999878,0.52371929,0.624729633
392.3999939,0.52284489,0.623808324
392,0.522111157,0.623024881
391.6000061,0.521343508,0.621985078
391.1999817,0.520661929,0.621076286
390.7999878,0.51998333,0.620448887
390.3999939,0.519014814,0.619667471
390,0.518153468,0.618286192
389.6000061,0.51759223,0.617604673
389.1999817,0.516865411,0.616832018
388.7999878,0.516181269,0.616252601
388.3999939,0.515297094,0.615159929
388,0.514548996,0.614114702
387.6000061,0.513744631,0.613313377
387.1999817,0.512852588,0.61195004
386.7999878,0.511995831,0.611426473
386.3999939,0.511088112,0.610296249
386,0.510137835,0.609245896
385.6000061,0.509192565,0.608365059
385.1999817,0.507905284,0.606750727
384.7999878,0.506970504,0.605501413
384.3999939,0.505879798,0.604200304
384,0.504246274,0.602562487
383.6000061,0.502979734,0.600748241
383.1999817,0.501577088,0.598903537
382.7999878,0.499953219,0.597271681
382.3999939,0.498439023,0.595223367
382,0.496466437,0.593049347
381.6000061,0.494539568,0.590654314
381.1999817,0.492159882,0.588011563
380.7999878,0.489832112,0.585437298
380.3999939,0.487522551,0.582318187
380,0.484606454,0.579380333
379.6000061,0.482511648,0.576590657
379.1999817,0.479607531,0.573165417
378.7999878,0.476925114,0.569746614
378.3999939,0.473554829,0.566522956
378,0.470764467,0.563272953
377.6000061,0.467656204,0.559409261
377.1999817,0.464424351,0.555397809
376.7999878,0.460715303,0.551626265
376.3999939,0.457121321,0.547774553
376,0.45369468,0.543446422
375.6000061,0.450092891,0.539558053
375.1999817,0.446802059,0.535430729
374.7999878,0.443335959,0.531456411
374.3999939,0.43981249,0.527529597
374,0.436403581,0.523733318
373.6000061,0.43296493,0.519546747
373.1999817,0.429318705,0.515281439
372.7999878,0.425944546,0.511445582
372.3999939,0.422459403,0.507014155
372,0.419060209,0.503121018
371.6000061,0.415125588,0.499111772
371.1999817,0.412433991,0.495797992
370.7999878,0.409190187,0.491970331
370.3999939,0.405959794,0.488500297
370,0.402801135,0.484756827
369.6000061,0.399861941,0.480960459
369.1999817,0.396889099,0.477575511
368.7999878,0.39401705,0.474270642
368.3999939,0.391256609,0.471390277
368,0.388747671,0.46781823
367.6000061,0.385484049,0.464206725
367.1999817,0.382850924,0.461197764
366.7999878,0.380247304,0.458366215
366.3999939,0.378093222,0.45589599
366,0.375303605,0.452937871
365.6000061,0.372823575,0.450226694
365.1999817,0.370393345,0.447288334
364.7999878,0.368226746,0.444613218
364.3999939,0.366107145,0.442250401
364,0.364319274,0.439935237
363.6000061,0.362112471,0.437546402
363.1999817,0.359500626,0.434985787
362.7999878,0.357562461,0.432603777
362.3999939,0.356006303,0.430382311
362,0.353829035,0.428095013
361.6000061,0.351700166,0.425918847
361.1999817,0.349995264,0.423638254
360.7999878,0.348042139,0.421620011
360.3999939,0.346190163,0.419231951
360,0.344162592,0.417265117
359.6000061,0.342331776,0.415226698
359.1999817,0.340581903,0.413352311
358.7999878,0.338681558,0.411453813
358.3999939,0.337227055,0.409271091
358,0.335756728,0.407383829
357.6000061,0.334418246,0.405892551
357.1999817,0.33265228,0.404256284
356.7999878,0.331481078,0.402657449
356.3999939,0.330255994,0.401671439
356,0.329085717,0.400353462
355.6000061,0.328202316,0.39921248
355.1999817,0.326898643,0.398100376
354.7999878,0.326104113,0.397222817
354.3999939,0.325570354,0.396524668
354,0.325124571,0.395765841
353.6000061,0.324711928,0.39554292
353.1999817,0.324571797,0.395110011
352.7999878,0.324330875,0.395301729
352.3999939,0.324344256,0.395241499
352,0.32440255,0.395365238
351.6000061,0.325046071,0.395688295
351.1999817,0.325339952,0.396402985
350.7999878,0.326134959,0.397382319
350.3999939,0.326622644,0.397865415
350,0.327849099,0.398897201
,--,
Fa,--,
Fa,--,
Collection Time: 2/6/2025 1:58:38 PM,--,
Operator Name  :,--,
Scan Software Version: 3.00(339),--,
Parameter List :,--,
Instrument                        Cary 4000,--,
Instrument Version                1.12,--,
Start (nm)                        800.00,--,
Stop (nm)                         350.00,--,
X Mode                            Nanometers,--,
Y Mode                            Abs,--,
UV-Vis Scan Rate (nm/min)         240.000,--,
UV-Vis Data Interval (nm)         0.400,--,
UV-Vis Ave. Time (sec)            0.100,--,
UV-Vis SBW (nm)                   2.000,--,
Slit Height                       Full,--,
Beam Mode                         Double,--,
Signal-to-noise Mode              Off,--,
UV Source                         On,--,
Vis Source                        On,--,
Third Source                      Off,--,
Source Changeover (nm)            350.00,--,
Baseline Correction               On,--,
Baseline Type                     Baseline correction,--,
Baseline File Name,--,
Baseline Std Ref File Name,--,
Cycle Mode                        Off,--,
Comments,--,
Method Log     :,--,
Method Name    : C:\Varian\Users\Nicco\baseline_subtract_method.MSW,--,
Date/Time stamp: 5/6/2019 2:11:36 PM,--,
Method Modifications:,--,
X Start nm Changed: 5/6/2019 2:10:07 PM,--,
X Stop nm Changed: 5/6/2019 2:10:07 PM,--,
Common Interval nm Changed: 5/6/2019 2:10:07 PM,--,
Measurement Mode Changed: 5/6/2019 2:10:07 PM,--,
Baseline Correction Changed: 5/6/2019 2:10:07 PM,--,
Beam mode Changed: 5/6/2019 2:10:07 PM,--,
Saved as C:\Varian\Users\Eduard\baseline_subtract_mehod.MSW,--,
Opened C:\Varian\Users\Nicco\baseline_subtract_method.MSW,--,
X Start nm Changed: 2/6/2025 1:55:30 PM,--,
End Method Modifications,--,
<SBW (nm)> ,2.003,
<Energy> ,39.813,
<Slit height> ,--,
<Current Wavelength> ,350.003,
,--,
At,--,
At,--,
Collection Time: 2/6/2025 2:02:41 PM,--,
Operator Name  :,--,
Scan Software Version: 3.00(339),--,
Parameter List :,--,
Instrument                        Cary 4000,--,
Instrument Version                1.12,--,
Start (nm)                        800.00,--,
Stop (nm)                         350.00,--,
X Mode                            Nanometers,--,
Y Mode                            Abs,--,
UV-Vis Scan Rate (nm/min)         240.000,--,
UV-Vis Data Interval (nm)         0.400,--,
UV-Vis Ave. Time (sec)            0.100,--,
UV-Vis SBW (nm)                   2.000,--,
Slit Height                       Full,--,
Beam Mode                         Double,--,
Signal-to-noise Mode              Off,--,
UV Source                         On,--,
Vis Source                        On,--,
Third Source                      Off,--,
Source Changeover (nm)            350.00,--,
Baseline Correction               On,--,
Baseline Type                     Baseline correction,--,
Baseline File Name,--,
Baseline Std Ref File Name,--,
Cycle Mode                        Off,--,
Comments,--,
Method Log     :,--,
Method Name    : C:\Varian\Users\Nicco\baseline_subtract_method.MSW,--,
Date/Time stamp: 5/6/2019 2:11:36 PM,--,
Method Modifications:,--,
X Start nm Changed: 5/6/2019 2:10:07 PM,--,
X Stop nm Changed: 5/6/2019 2:10:07 PM,--,
Common Interval nm Changed: 5/6/2019 2:10:07 PM,--,
Measurement Mode Changed: 5/6/2019 2:10:07 PM,--,
Baseline Correction Changed: 5/6/2019 2:10:07 PM,--,
Beam mode Changed: 5/6/2019 2:10:07 PM,--,
Saved as C:\Varian\Users\Eduard\baseline_subtract_mehod.MSW,--,
Opened C:\Varian\Users\Nicco\baseline_subtract_method.MSW,--,
X Start nm Changed: 2/6/2025 1:55:30 PM,--,
End Method Modifications,--,
<SBW (nm)> ,2.003,
<Energy> ,39.813,
<Slit height> ,--,
<Current Wavelength> ,349.603,