Wavelength (nm),Unnamed: 1,Unnamed: 2,Unnamed: 3,THYLTHA,Unnamed: 5,Unnamed: 6,Unnamed: 7,Unnamed: 8,THYRTHA,Unnamed: 10,Unnamed: 11,Unnamed: 12,Wavelength (nm)2,Abs
602.3083,,,,1029.421875,,,,,-516.5214844,,,,800.0,-518238.0
603.30982,,,,4766.445313,,,,,3989.132813,,,,7995999756.0,-3437477.0
604.31134,,,,3677.460938,,,,,5542.638672,,,,7992000122.0,-2398173.0
605.31286,,,,675.3984375,,,,,618.1074219,,,,7987999878.0,-866005.0
606.31438,,,,-849.03125,,,,,4861.59375,,,,7984000244.0,-915811.0
607.3159,,,,3642.984375,,,,,7235.507813,,,,798.0,-2657538.0
608.31742,,,,-1374.414063,,,,,-150.8613281,,,,7975999756.0,-309562.0
609.31894,,,,6322.398438,,,,,2223.021484,,,,7972000122.0,-3069043.0
610.32046,,,,7567.085938,,,,,7070.902344,,,,7967999878.0,-2751126.0
611.32198,,,,6434.398438,,,,,-558.7753906,,,,7964000244.0,-404978.0
612.3235,,,,19657.01563,,,,,4309.158203,,,,796.0,-868692.0
613.32502,,,,17643.99219,,,,,3939.306641,,,,7955999756.0,-1556733.0
614.32654,,,,20429.29688,,,,,-3889.912109,,,,7952000122.0,-2517606.0
615.32806,,,,27805.28906,,,,,676.5839844,,,,7947999878.0,-1646742.0
616.32958,,,,39763.875,,,,,5751.732422,,,,7944000244.0,-189403.0
617.3311,,,,48169.98438,,,,,-1017.373047,,,,794.0,-2753441.0
618.33262,,,,57039.54688,,,,,1549.486328,,,,7935999756.0,-2638601.0
619.33414,,,,61407.03125,,,,,3750.111328,,,,7932000122.0,-2198564.0
620.33566,,,,82425.60156,,,,,3790.207031,,,,7927999878.0,-2762907.0
621.33718,,,,94251.14844,,,,,5594.992188,,,,7924000244.0,-2463814.0
622.3387,,,,111294.2031,,,,,-622.5664063,,,,792.0,-2605615.0
623.34022,,,,119511.2031,,,,,1638.523438,,,,7915999756.0,-1186853.0
624.34174,,,,142998.2031,,,,,4854.447266,,,,7912000122.0,-2059618.0
625.34326,,,,154556.0781,,,,,9920.992188,,,,7907999878.0,-2506694.0
626.34478,,,,163203.2656,,,,,7292.109375,,,,7904000244.0,-228808.0
627.3463,,,,178784.2813,,,,,9223.806641,,,,790.0,-2686815.0
628.34782,,,,186576.2188,,,,,-1134.998047,,,,7895999756.0,-1443382.0
629.34934,,,,202072.7813,,,,,296.46875,,,,7892000122.0,-1273687.0
630.35086,,,,225207.1094,,,,,-1162.40625,,,,7887999878.0,-295295.0
631.35238,,,,236606.5156,,,,,11606.90625,,,,7884000244.0,-110057.0
632.3539,,,,224807.7188,,,,,6266.382813,,,,788.0,-666104.0
633.35542,,,,246255.0313,,,,,7361.875,,,,7875999756.0,-244178.0
634.35694,,,,249916.4375,,,,,2349.503906,,,,7872000122.0,-1458913.0
635.35846,,,,248265.625,,,,,1346.15625,,,,7867999878.0,-1846811.0
636.35998,,,,249338.1406,,,,,841.9492188,,,,7864000244.0,-3181559.0
637.3615,,,,262912.6875,,,,,17232.32031,,,,786.0,-270611.0
638.36302,,,,264785.3125,,,,,14236.26953,,,,7855999756.0,-2342564.0
639.36454,,,,259365.5313,,,,,19743.27344,,,,7852000122.0,-2856679.0
640.36606,,,,255222.8125,,,,,19987.9043,,,,7847999878.0,-2377372.0
641.36758,,,,251581.2188,,,,,24264.03125,,,,7844000244.0,-1525986.0
642.3691,,,,275246.7188,,,,,34622.16406,,,,784.0,-2838574.0
643.37062,,,,273429.5,,,,,36319.35938,,,,7835999756.0,-260896.0
644.37214,,,,270053.625,,,,,28197.02148,,,,7832000122.0,-1864441.0
645.37366,,,,268531.9063,,,,,40875.54688,,,,7827999878.0,-2958812.0
646.37518,,,,289215.6563,,,,,54775.98828,,,,7824000244.0,-295732.0
647.3767,,,,279157.4688,,,,,57248.34375,,,,782.0,-1917741.0
648.37822,,,,293731.7188,,,,,79579.6875,,,,7815999756.0,-1787212.0
649.37974,,,,287744.1563,,,,,66164.86719,,,,7812000122.0,-2211493.0
650.38126,,,,282608.25,,,,,92309.875,,,,7807999878.0,-2361616.0
651.38278,,,,285387.5313,,,,,84687.71875,,,,7804000244.0,-998826.0
652.3843,,,,293434.25,,,,,106632.8047,,,,780.0,-2360534.0
653.38582,,,,275029.2188,,,,,116303.5,,,,7795999756.0,-611255.0
654.38734,,,,267238.4688,,,,,113985.4141,,,,7792000122.0,-1470987.0
655.38886,,,,266297.4063,,,,,150612.0313,,,,7787999878.0,-558829.0
656.39038,,,,262363.125,,,,,148657.7969,,,,7784000244.0,-1252213.0
657.3919,,,,259284.2344,,,,,172633.0,,,,778.0,-2142929.0
658.39342,,,,289154.3438,,,,,182676.9375,,,,7775999756.0,-2172138.0
659.39494,,,,261257.2813,,,,,226920.625,,,,7772000122.0,-1776488.0
660.39646,,,,247797.2031,,,,,265986.1875,,,,7767999878.0,-1798349.0
661.39798,,,,258438.2813,,,,,283709.1563,,,,7764000244.0,-2484714.0
662.3995,,,,242163.9219,,,,,333852.9688,,,,776.0,-1230944.0
663.40102,,,,269490.0,,,,,367192.3438,,,,7755999756.0,-2020507.0
664.40254,,,,261691.2188,,,,,385402.0938,,,,7752000122.0,-1786233.0
665.40406,,,,246795.4375,,,,,474988.5,,,,7747999878.0,-837742.0
666.40558,,,,277779.0938,,,,,547442.375,,,,7744000244.0,-2491972.0
667.4071,,,,293811.4063,,,,,650400.5,,,,774.0,-1824076.0
668.40862,,,,310266.2188,,,,,723445.875,,,,7735999756.0,-674065.0
669.41014,,,,341072.6875,,,,,824573.125,,,,7732000122.0,-1624977.0
670.41166,,,,416072.375,,,,,912145.8125,,,,7727999878.0,-2347867.0
671.41318,,,,450739.375,,,,,1010341.0,,,,7724000244.0,-461147.0
672.4147,,,,588678.375,,,,,1111708.875,,,,772.0,-1524387.0
673.41622,,,,754672.5625,,,,,1228665.125,,,,7715999756.0,-2092955.0
674.41774,,,,970761.3125,,,,,1492711.5,,,,7712000122.0,-1777158.0
675.41926,,,,1309366.5,,,,,1599746.5,,,,7707999878.0,-1277043.0
676.42078,,,,1798078.625,,,,,1738061.5,,,,7704000244.0,-1437087.0
677.4223,,,,2353627.75,,,,,1921788.875,,,,770.0,-1491522.0
678.42382,,,,3072709.5,,,,,2039065.125,,,,7695999756.0,-1487085.0
679.42534,,,,3893783.5,,,,,2329937.25,,,,7692000122.0,-2320421.0
680.42686,,,,4651867.5,,,,,2472545.0,,,,7687999878.0,-2640968.0
681.42838,,,,5434991.5,,,,,2675710.25,,,,7684000244.0,-2099653.0
682.4299,,,,6578954.5,,,,,2779556.75,,,,768.0,-2276338.0
683.43142,,,,7554236.5,,,,,2865580.25,,,,7675999756.0,-1642719.0
684.43294,,,,8603477.0,,,,,2936824.25,,,,7672000122.0,-1136614.0
685.43446,,,,9227645.0,,,,,3016598.5,,,,7667999878.0,-1937946.0
686.43598,,,,9733276.0,,,,,2910544.75,,,,7664000244.0,-3111246.0
687.4375,,,,9228940.0,,,,,2754365.25,,,,766.0,-1176527.0
688.43902,,,,8664324.0,,,,,2615846.0,,,,7655999756.0,-2048385.0
689.44054,,,,8318288.5,,,,,2536841.25,,,,7652000122.0,-76157.0
690.44206,,,,7762137.0,,,,,2157961.25,,,,7647999878.0,-1834954.0
691.44358,,,,7363501.0,,,,,2061539.125,,,,7644000244.0,-2747782.0
692.4451,,,,7540550.0,,,,,1895035.0,,,,764.0,-1608265.0
693.44662,,,,7385310.5,,,,,1670798.75,,,,7635999756.0,-1169299.0
694.44814,,,,7414798.5,,,,,1484075.25,,,,7632000122.0,-764154.0
695.44966,,,,7515015.0,,,,,1420590.625,,,,7627999878.0,-1777622.0
696.45118,,,,7116217.0,,,,,1293062.0,,,,7624000244.0,-762449.0
697.4527,,,,6455527.5,,,,,1234453.625,,,,762.0,-1350234.0
698.45422,,,,6515316.0,,,,,1102370.875,,,,7615999756.0,-1073819.0
699.45574,,,,6239052.0,,,,,1009714.875,,,,7612000122.0,-818416.0
700.45726,,,,5990878.5,,,,,864324.6875,,,,7607999878.0,-1007865.0
701.45878,,,,5447864.0,,,,,933371.6875,,,,7604000244.0,-1777107.0
702.4603,,,,5289409.5,,,,,862648.875,,,,760.0,-212782.0
703.46182,,,,4851258.0,,,,,859718.9375,,,,7595999756.0,-959671.0
704.46334,,,,4611469.5,,,,,747977.0,,,,7592000122.0,-1465724.0
705.46486,,,,4467123.0,,,,,718790.1875,,,,7587999878.0,-2164617.0
706.46638,,,,4323071.0,,,,,738414.125,,,,7584000244.0,-1331447.0
707.4679,,,,4138960.75,,,,,652152.3125,,,,758.0,-1118696.0
708.46942,,,,3884369.0,,,,,671435.3125,,,,7575999756.0,-522375.0
709.47094,,,,3994042.25,,,,,616477.5625,,,,7572000122.0,-1984073.0
710.47246,,,,3808193.0,,,,,607638.75,,,,7567999878.0,-647495.0
711.47398,,,,3805710.5,,,,,615295.0,,,,7564000244.0,-1397404.0
712.4755,,,,3667677.5,,,,,634263.25,,,,756.0,-984311.0
713.47702,,,,3995188.25,,,,,673604.625,,,,7555999756.0,-1278333.0
714.47854,,,,3980565.25,,,,,570785.6875,,,,7552000122.0,-1392604.0
715.48006,,,,4182397.75,,,,,574518.625,,,,7547999878.0,-2045036.0
716.48158,,,,4255395.5,,,,,582994.75,,,,7544000244.0,-1179625.0
717.4831,,,,4465638.5,,,,,619856.125,,,,754.0,-242484.0
718.48462,,,,4726762.0,,,,,616871.9375,,,,7535999756.0,-220906.0
719.48614,,,,4991336.0,,,,,549086.25,,,,7532000122.0,-1057034.0
720.48766,,,,5138150.0,,,,,587328.125,,,,7527999878.0,-1011015.0
721.48918,,,,5746300.5,,,,,523862.75,,,,7524000244.0,-934771.0
722.4907,,,,6287083.5,,,,,580342.8125,,,,752.0,-995106.0
723.49222,,,,6484542.5,,,,,572642.375,,,,7515999756.0,-739915.0
724.49374,,,,7020928.0,,,,,574729.1875,,,,7512000122.0,-1022895.0
725.49526,,,,7793154.5,,,,,559137.4375,,,,7507999878.0,-43808.0
726.49678,,,,7774046.0,,,,,590583.75,,,,7504000244.0,-871224.0
727.4983,,,,8727895.0,,,,,565334.5625,,,,750.0,-1913721.0
728.49982,,,,9546481.0,,,,,531018.625,,,,7495999756.0,-880317.0
729.50134,,,,9860694.0,,,,,559833.0,,,,7492000122.0,-671635.0
730.50286,,,,10166060.0,,,,,576619.0,,,,7487999878.0,-696912.0
731.50438,,,,10593342.0,,,,,656895.4375,,,,7484000244.0,-1426044.0
732.5059,,,,11014605.0,,,,,545298.4375,,,,748.0,-1112396.0
733.50742,,,,11031530.0,,,,,662432.25,,,,7475999756.0,-494865.0
734.50894,,,,11195341.0,,,,,592196.3125,,,,7472000122.0,-206521.0
735.51046,,,,11919807.0,,,,,588761.1875,,,,7467999878.0,-861975.0
736.51198,,,,11720843.0,,,,,651710.625,,,,7464000244.0,-71247.0
737.5135,,,,11744503.0,,,,,609538.875,,,,746.0,-644186.0
738.51502,,,,11351016.0,,,,,588239.4375,,,,7455999756.0,-402961.0
739.51654,,,,11475482.0,,,,,599450.0,,,,7452000122.0,588891.0
740.51806,,,,11856132.0,,,,,570891.375,,,,7447999878.0,328462.0
741.51958,,,,11628495.0,,,,,591738.4375,,,,7444000244.0,-379426.0
742.5211,,,,11469482.0,,,,,465407.6563,,,,744.0,204081.0
743.52262,,,,11250377.0,,,,,502517.2188,,,,7435999756.0,-304726.0
744.52414,,,,11060127.0,,,,,611879.125,,,,7432000122.0,548844.0
745.52566,,,,10992805.0,,,,,533036.0625,,,,7427999878.0,-542903.0
746.52718,,,,10497761.0,,,,,592916.75,,,,7424000244.0,-230479.0
747.5287,,,,10122129.0,,,,,502857.125,,,,742.0,1273617.0
748.53022,,,,9741666.0,,,,,535741.3125,,,,7415999756.0,821699.0
749.53174,,,,9343303.0,,,,,501127.4688,,,,7412000122.0,893467.0
750.53326,,,,9089571.0,,,,,464695.6563,,,,7407999878.0,986209.0
751.53478,,,,8837043.0,,,,,441896.25,,,,7404000244.0,1575738.0
752.5363,,,,8087118.0,,,,,429623.7188,,,,740.0,845611.0
753.53782,,,,7878810.0,,,,,459109.8125,,,,7395999756.0,2002619.0
754.53934,,,,7758568.5,,,,,402852.0938,,,,7392000122.0,114297.0
755.54086,,,,7207029.5,,,,,418118.1563,,,,7387999878.0,1317521.0
756.54238,,,,6824358.0,,,,,454734.1875,,,,7384000244.0,1783239.0
757.5439,,,,6399748.5,,,,,351960.0,,,,738.0,2018716.0
758.54542,,,,6260907.5,,,,,390072.9375,,,,7375999756.0,1673356.0
759.54694,,,,5890890.0,,,,,403851.6563,,,,7372000122.0,2615014.0
760.54846,,,,5596839.5,,,,,334167.4063,,,,7367999878.0,2485681.0
761.54998,,,,5301318.0,,,,,332882.3125,,,,7364000244.0,2241936.0
762.5515,,,,4900985.0,,,,,343774.375,,,,736.0,3073366.0
763.55302,,,,4811303.0,,,,,279171.8125,,,,7355999756.0,2586863.0
764.55454,,,,4512134.0,,,,,291545.5,,,,7352000122.0,2363154.0
765.55606,,,,4204435.5,,,,,289206.3125,,,,7347999878.0,280949.0
766.55758,,,,3904906.75,,,,,209880.9531,,,,7344000244.0,3549166.0
767.5591,,,,3821203.5,,,,,226244.6094,,,,734.0,3381464.0
768.56062,,,,3702396.5,,,,,211667.7969,,,,7335999756.0,3259023.0
769.56214,,,,3414709.5,,,,,205348.3438,,,,7332000122.0,3618489.0
770.56366,,,,3124174.0,,,,,251226.125,,,,7327999878.0,4139625.0
771.56518,,,,3191372.0,,,,,184912.4531,,,,7324000244.0,4705296.0
772.5667,,,,2971360.0,,,,,225221.9844,,,,732.0,5164786.0
773.56822,,,,2803878.0,,,,,225006.7656,,,,7315999756.0,4619761.0
774.56974,,,,2721067.5,,,,,154533.4531,,,,7312000122.0,5538681.0
775.57126,,,,2670798.75,,,,,222942.7813,,,,7307999878.0,5742287.0
776.57278,,,,2544747.0,,,,,148073.2344,,,,7304000244.0,592195.0
777.5743,,,,2440980.75,,,,,186746.7813,,,,730.0,6146214.0
778.57582,,,,2247235.0,,,,,189571.4375,,,,7295999756.0,6176382.0
779.57734,,,,2234828.75,,,,,134353.2656,,,,7292000122.0,701657.0
780.57886,,,,2205848.75,,,,,116359.7031,,,,7287999878.0,6545394.0
781.58038,,,,2085423.75,,,,,170992.5469,,,,7284000244.0,7435168.0
782.5819,,,,2029505.25,,,,,150706.8125,,,,728.0,7441356.0
783.58342,,,,2061031.75,,,,,113914.0,,,,7275999756.0,8676458.0
784.58494,,,,1905290.875,,,,,133165.1563,,,,7272000122.0,9110247.0
785.58646,,,,1887193.75,,,,,90433.4375,,,,7267999878.0,9042817.0
786.58798,,,,1723787.0,,,,,134976.5156,,,,7264000244.0,9264706.0
787.5895,,,,1803471.75,,,,,73926.1875,,,,726.0,9722298.0
788.59102,,,,1791436.125,,,,,96367.35938,,,,7255999756.0,9369517.0
789.59254,,,,1616733.875,,,,,94170.07813,,,,7252000122.0,10383038.0
790.59406,,,,1722929.125,,,,,79536.41406,,,,7247999878.0,10414907.0
791.59558,,,,1704058.25,,,,,105327.4375,,,,7244000244.0,11517841.0
792.5971,,,,1693652.0,,,,,71790.625,,,,724.0,11638485.0
793.59862,,,,1554941.375,,,,,156295.3906,,,,7235999756.0,12901999.0
794.60014,,,,1486020.875,,,,,163688.6094,,,,7232000122.0,13258863.0
795.60166,,,,1507398.75,,,,,113703.1484,,,,7227999878.0,13463666.0
796.60318,,,,1553570.0,,,,,97820.42188,,,,7224000244.0,14036861.0
797.6047,,,,1455288.25,,,,,125827.1641,,,,722.0,14568677.0
798.60622,,,,1474702.375,,,,,80050.28906,,,,7215999756.0,15800031.0
799.60774,,,,1441539.25,,,,,67182.17188,,,,7212000122.0,16332023.0
800.60926,,,,1444804.25,,,,,116763.5,,,,7207999878.0,16621917.0
801.61078,,,,1476748.0,,,,,44104.44922,,,,7204000244.0,17396403.0
802.6123,,,,1349421.0,,,,,76398.71094,,,,720.0,1883203.0
803.61382,,,,1430927.625,,,,,,,,,7195999756.0,19183386.0
804.61534,,,,1415518.375,,,,,,,,,7192000122.0,19583687.0
805.61686,,,,1406306.0,,,,,,,,,7187999878.0,19637335.0
806.61838,,,,1271491.625,,,,,,,,,7184000244.0,20919427.0
807.6199,,,,1281060.375,,,,,,,,,718.0,21976581.0
808.62142,,,,1275144.25,,,,,,,,,7175999756.0,23079772.0
809.62294,,,,1272030.5,,,,,,,,,7172000122.0,2370408.0
810.62446,,,,1264379.5,,,,,,,,,7167999878.0,24990985.0
811.62598,,,,1317465.875,,,,,,,,,7164000244.0,25262192.0
812.6275,,,,1279495.625,,,,,,,,,716.0,25940619.0
813.62902,,,,1175650.125,,,,,,,,,7155999756.0,27123673.0
814.63054,,,,1322698.75,,,,,,,,,7152000122.0,27826736.0
815.63206,,,,1116294.0,,,,,,,,,7147999878.0,28819857.0
816.63358,,,,1178376.25,,,,,,,,,7144000244.0,29783729.0
817.6351,,,,1172652.375,,,,,,,,,714.0,31837262.0
818.63662,,,,1090628.25,,,,,,,,,7135999756.0,32021478.0
819.63814,,,,1207183.25,,,,,,,,,7132000122.0,3314152.0
820.63966,,,,1286102.625,,,,,,,,,7127999878.0,34605566.0
821.64118,,,,1439972.5,,,,,,,,,7124000244.0,35999585.0
822.6427,,,,1401293.625,,,,,,,,,712.0,36748562.0
823.64422,,,,1541774.0,,,,,,,,,7115999756.0,37586406.0
824.64574,,,,1614457.125,,,,,,,,,7112000122.0,39218169.0
825.64726,,,,1407679.125,,,,,,,,,7107999878.0,40645916.0
826.64878,,,,1378349.5,,,,,,,,,7104000244.0,42178769.0
827.6503,,,,1300633.0,,,,,,,,,710.0,43012902.0
828.65182,,,,1327859.375,,,,,,,,,7095999756.0,44332862.0
829.65334,,,,989998.125,,,,,,,,,7092000122.0,46636615.0
830.65486,,,,1099268.125,,,,,,,,,7087999878.0,46823151.0
831.65638,,,,976111.0625,,,,,,,,,7084000244.0,49095146.0
832.6579,,,,926216.0,,,,,,,,,708.0,50259084.0
833.65942,,,,921774.3125,,,,,,,,,7075999756.0,52519485.0
834.66094,,,,876782.3125,,,,,,,,,7072000122.0,54504193.0
835.66246,,,,1020712.375,,,,,,,,,7067999878.0,56384139.0
836.66398,,,,820000.625,,,,,,,,,7064000244.0,5847073.0
837.6655,,,,788521.0,,,,,,,,,706.0,59979443.0
838.66702,,,,860668.5,,,,,,,,,7055999756.0,6193753.0
839.66854,,,,710533.8125,,,,,,,,,7052000122.0,63882865.0
840.67006,,,,820090.3125,,,,,,,,,7047999878.0,66449367.0
841.67158,,,,755036.4375,,,,,,,,,7044000244.0,69730125.0
842.6731,,,,599133.6875,,,,,,,,,704.0,71801245.0
843.67462,,,,752285.3125,,,,,,,,,7035999756.0,74812524.0
844.67614,,,,621868.0625,,,,,,,,,7032000122.0,77478111.0
845.67766,,,,499347.6875,,,,,,,,,7027999878.0,8033333.0
846.67918,,,,454348.0,,,,,,,,,7024000244.0,83503418.0
847.6807,,,,578688.9375,,,,,,,,,702.0,8666186.0
848.68222,,,,349046.0625,,,,,,,,,7015999756.0,90466939.0
849.68374,,,,215596.2344,,,,,,,,,7012000122.0,93833379.0
850.68526,,,,362369.625,,,,,,,,,7007999878.0,96702583.0
851.68678,,,,80541.69531,,,,,,,,,7004000244.0,10195715.0
852.6883,,,,-30252.76563,,,,,,,,,700.0,106160127.0
,,,,,,,,,,,,,6995999756.0,110270418.0
,,,,,,,,,,,,,6992000122.0,115056016.0
,,,,,,,,,,,,,6987999878.0,119545251.0
,,,,,,,,,,,,,6984000244.0,125659004.0
,,,,,,,,,,,,,698.0,13162069.0
,,,,,,,,,,,,,6975999756.0,136643693.0
,,,,,,,,,,,,,6972000122.0,142335191.0
,,,,,,,,,,,,,6967999878.0,149376556.0
,,,,,,,,,,,,,6964000244.0,155954465.0
,,,,,,,,,,,,,696.0,163340747.0
,,,,,,,,,,,,,6955999756.0,170456827.0
,,,,,,,,,,,,,6952000122.0,178050816.0
,,,,,,,,,,,,,6947999878.0,18673794.0
,,,,,,,,,,,,,6944000244.0,195269316.0
,,,,,,,,,,,,,694.0,204294965.0
,,,,,,,,,,,,,6935999756.0,213673621.0
,,,,,,,,,,,,,6932000122.0,223799944.0
,,,,,,,,,,,,,6927999878.0,234007791.0
,,,,,,,,,,,,,6924000244.0,244215176.0
,,,,,,,,,,,,,692.0,254848898.0
,,,,,,,,,,,,,6915999756.0,26578784.0
,,,,,,,,,,,,,6912000122.0,278020084.0
,,,,,,,,,,,,,6907999878.0,289990962.0
,,,,,,,,,,,,,6904000244.0,30221498.0
,,,,,,,,,,,,,690.0,315458477.0
,,,,,,,,,,,,,6895999756.0,328486234.0
,,,,,,,,,,,,,6892000122.0,341624767.0
,,,,,,,,,,,,,6887999878.0,355126441.0
,,,,,,,,,,,,,6884000244.0,36892271.0
,,,,,,,,,,,,,688.0,382174403.0
,,,,,,,,,,,,,6875999756.0,395298332.0
,,,,,,,,,,,,,6872000122.0,408630699.0
,,,,,,,,,,,,,6867999878.0,42076543.0
,,,,,,,,,,,,,6864000244.0,432890058.0
,,,,,,,,,,,,,686.0,444105059.0
,,,,,,,,,,,,,6855999756.0,455932319.0
,,,,,,,,,,,,,6852000122.0,466056138.0
,,,,,,,,,,,,,6847999878.0,476052672.0
,,,,,,,,,,,,,6844000244.0,485376626.0
,,,,,,,,,,,,,684.0,49281019.0
,,,,,,,,,,,,,6835999756.0,50199759.0
,,,,,,,,,,,,,6832000122.0,50731951.0
,,,,,,,,,,,,,6827999878.0,513447225.0
,,,,,,,,,,,,,6824000244.0,519018114.0
,,,,,,,,,,,,,682.0,522601247.0
,,,,,,,,,,,,,6815999756.0,526483178.0
,,,,,,,,,,,,,6812000122.0,529686511.0
,,,,,,,,,,,,,6807999878.0,53297466.0
,,,,,,,,,,,,,6804000244.0,534023762.0
,,,,,,,,,,,,,680.0,535756409.0
,,,,,,,,,,,,,6795999756.0,536823213.0
,,,,,,,,,,,,,6792000122.0,537089109.0
,,,,,,,,,,,,,6787999878.0,536200106.0
,,,,,,,,,,,,,6784000244.0,536981821.0
,,,,,,,,,,,,,678.0,537023187.0
,,,,,,,,,,,,,6775999756.0,53609097.0
,,,,,,,,,,,,,6772000122.0,535042465.0
,,,,,,,,,,,,,6767999878.0,533898532.0
,,,,,,,,,,,,,6764000244.0,532530725.0
,,,,,,,,,,,,,676.0,530953586.0
,,,,,,,,,,,,,6755999756.0,530697465.0
,,,,,,,,,,,,,6752000122.0,529508174.0
,,,,,,,,,,,,,6747999878.0,52765578.0
,,,,,,,,,,,,,6744000244.0,526518643.0
,,,,,,,,,,,,,674.0,525025964.0
,,,,,,,,,,,,,6735999756.0,523632348.0
,,,,,,,,,,,,,6732000122.0,520945668.0
,,,,,,,,,,,,,6727999878.0,518529832.0
,,,,,,,,,,,,,6724000244.0,517746389.0
,,,,,,,,,,,,,672.0,515169084.0
,,,,,,,,,,,,,6715999756.0,513615131.0
,,,,,,,,,,,,,6712000122.0,511900902.0
,,,,,,,,,,,,,6707999878.0,507543266.0
,,,,,,,,,,,,,6704000244.0,505103946.0
,,,,,,,,,,,,,670.0,501578867.0
,,,,,,,,,,,,,6695999756.0,4980492.0
,,,,,,,,,,,,,6692000122.0,495602459.0
,,,,,,,,,,,,,6687999878.0,492194861.0
,,,,,,,,,,,,,6684000244.0,488634497.0
,,,,,,,,,,,,,668.0,485173762.0
,,,,,,,,,,,,,6675999756.0,481691361.0
,,,,,,,,,,,,,6672000122.0,477588028.0
,,,,,,,,,,,,,6667999878.0,473931611.0
,,,,,,,,,,,,,6664000244.0,468117058.0
,,,,,,,,,,,,,666.0,464872301.0
,,,,,,,,,,,,,6655999756.0,460371435.0
,,,,,,,,,,,,,6652000122.0,456286252.0
,,,,,,,,,,,,,6647999878.0,451094359.0
,,,,,,,,,,,,,6644000244.0,447493702.0
,,,,,,,,,,,,,664.0,442815512.0
,,,,,,,,,,,,,6635999756.0,438732594.0
,,,,,,,,,,,,,6632000122.0,434287667.0
,,,,,,,,,,,,,6627999878.0,429499388.0
,,,,,,,,,,,,,6624000244.0,425559342.0
,,,,,,,,,,,,,662.0,421042442.0
,,,,,,,,,,,,,6615999756.0,417239726.0
,,,,,,,,,,,,,6612000122.0,413228244.0
,,,,,,,,,,,,,6607999878.0,409341067.0
,,,,,,,,,,,,,6604000244.0,405924946.0
,,,,,,,,,,,,,660.0,402517289.0
,,,,,,,,,,,,,6595999756.0,399003595.0
,,,,,,,,,,,,,6592000122.0,394937486.0
,,,,,,,,,,,,,6587999878.0,393167794.0
,,,,,,,,,,,,,6584000244.0,390343159.0
,,,,,,,,,,,,,658.0,387866497.0
,,,,,,,,,,,,,6575999756.0,385961324.0
,,,,,,,,,,,,,6572000122.0,38331148.0
,,,,,,,,,,,,,6567999878.0,38173756.0
,,,,,,,,,,,,,6564000244.0,380547136.0
,,,,,,,,,,,,,656.0,37903291.0
,,,,,,,,,,,,,6555999756.0,378001124.0
,,,,,,,,,,,,,6552000122.0,377219945.0
,,,,,,,,,,,,,6547999878.0,376123369.0
,,,,,,,,,,,,,6544000244.0,374965936.0
,,,,,,,,,,,,,654.0,373823136.0
,,,,,,,,,,,,,6535999756.0,373843163.0
,,,,,,,,,,,,,6532000122.0,373046488.0
,,,,,,,,,,,,,6527999878.0,372309029.0
,,,,,,,,,,,,,6524000244.0,371784002.0
,,,,,,,,,,,,,652.0,37119782.0
,,,,,,,,,,,,,6515999756.0,370093972.0
,,,,,,,,,,,,,6512000122.0,369208366.0
,,,,,,,,,,,,,6507999878.0,368271589.0
,,,,,,,,,,,,,6504000244.0,366399169.0
,,,,,,,,,,,,,650.0,365109086.0
,,,,,,,,,,,,,6495999756.0,363400668.0
,,,,,,,,,,,,,6492000122.0,361042827.0
,,,,,,,,,,,,,6487999878.0,35858193.0
,,,,,,,,,,,,,6484000244.0,356467277.0
,,,,,,,,,,,,,648.0,353397638.0
,,,,,,,,,,,,,6475999756.0,350021154.0
,,,,,,,,,,,,,6472000122.0,347164601.0
,,,,,,,,,,,,,6467999878.0,343455851.0
,,,,,,,,,,,,,6464000244.0,340479016.0
,,,,,,,,,,,,,646.0,337108582.0
,,,,,,,,,,,,,6455999756.0,334055692.0
,,,,,,,,,,,,,6452000122.0,33034116.0
,,,,,,,,,,,,,6447999878.0,326835513.0
,,,,,,,,,,,,,6444000244.0,323003054.0
,,,,,,,,,,,,,644.0,31987682.0
,,,,,,,,,,,,,6435999756.0,315718949.0
,,,,,,,,,,,,,6432000122.0,311968207.0
,,,,,,,,,,,,,6427999878.0,308880866.0
,,,,,,,,,,,,,6424000244.0,305218756.0
,,,,,,,,,,,,,642.0,302224368.0
,,,,,,,,,,,,,6415999756.0,299107254.0
,,,,,,,,,,,,,6412000122.0,295815319.0
,,,,,,,,,,,,,6407999878.0,292460859.0
,,,,,,,,,,,,,6404000244.0,289407134.0
,,,,,,,,,,,,,640.0,28647694.0
,,,,,,,,,,,,,6395999756.0,283615261.0
,,,,,,,,,,,,,6392000122.0,280826598.0
,,,,,,,,,,,,,6387999878.0,278041065.0
,,,,,,,,,,,,,6384000244.0,27507782.0
,,,,,,,,,,,,,638.0,273136973.0
,,,,,,,,,,,,,6375999756.0,270340502.0
,,,,,,,,,,,,,6372000122.0,268151611.0
,,,,,,,,,,,,,6367999878.0,266140014.0
,,,,,,,,,,,,,6364000244.0,264126122.0
,,,,,,,,,,,,,636.0,262109757.0
,,,,,,,,,,,,,6355999756.0,260116607.0
,,,,,,,,,,,,,6352000122.0,25903073.0
,,,,,,,,,,,,,6347999878.0,257362574.0
,,,,,,,,,,,,,6344000244.0,256020635.0
,,,,,,,,,,,,,634.0,254665166.0
,,,,,,,,,,,,,6335999756.0,254114509.0
,,,,,,,,,,,,,6332000122.0,253085077.0
,,,,,,,,,,,,,6327999878.0,251894385.0
,,,,,,,,,,,,,6324000244.0,251552135.0
,,,,,,,,,,,,,632.0,250649452.0
,,,,,,,,,,,,,6315999756.0,250187814.0
,,,,,,,,,,,,,6312000122.0,249912217.0
,,,,,,,,,,,,,6307999878.0,249842778.0
,,,,,,,,,,,,,6304000244.0,249512777.0
,,,,,,,,,,,,,630.0,249551043.0
,,,,,,,,,,,,,6295999756.0,248871133.0
,,,,,,,,,,,,,6292000122.0,248966053.0
,,,,,,,,,,,,,6287999878.0,249181896.0
,,,,,,,,,,,,,6284000244.0,249378994.0
,,,,,,,,,,,,,628.0,249013856.0
,,,,,,,,,,,,,6275999756.0,249387413.0
,,,,,,,,,,,,,6272000122.0,249214053.0
,,,,,,,,,,,,,6267999878.0,24901624.0
,,,,,,,,,,,,,6264000244.0,248995811.0
,,,,,,,,,,,,,626.0,249681473.0
,,,,,,,,,,,,,6255999756.0,248824954.0
,,,,,,,,,,,,,6252000122.0,248932749.0
,,,,,,,,,,,,,6247999878.0,248465642.0
,,,,,,,,,,,,,6244000244.0,248066932.0
,,,,,,,,,,,,,624.0,248179317.0
,,,,,,,,,,,,,6235999756.0,248169512.0
,,,,,,,,,,,,,6232000122.0,247630179.0
,,,,,,,,,,,,,6227999878.0,247386321.0
,,,,,,,,,,,,,6224000244.0,246689007.0
,,,,,,,,,,,,,622.0,245381624.0
,,,,,,,,,,,,,6215999756.0,245827138.0
,,,,,,,,,,,,,6212000122.0,244687006.0
,,,,,,,,,,,,,6207999878.0,244653493.0
,,,,,,,,,,,,,6204000244.0,243741438.0
,,,,,,,,,,,,,620.0,243152931.0
,,,,,,,,,,,,,6195999756.0,242170751.0
,,,,,,,,,,,,,6192000122.0,241054371.0
,,,,,,,,,,,,,6187999878.0,240681782.0
,,,,,,,,,,,,,6184000244.0,239716381.0
,,,,,,,,,,,,,618.0,238695696.0
,,,,,,,,,,,,,6175999756.0,237939969.0
,,,,,,,,,,,,,6172000122.0,236935601.0
,,,,,,,,,,,,,6167999878.0,235927671.0
,,,,,,,,,,,,,6164000244.0,234847873.0
,,,,,,,,,,,,,616.0,233850315.0
,,,,,,,,,,,,,6155999756.0,233375296.0
,,,,,,,,,,,,,6152000122.0,231401578.0
,,,,,,,,,,,,,6147999878.0,230979979.0
,,,,,,,,,,,,,6144000244.0,229041189.0
,,,,,,,,,,,,,614.0,22881943.0
,,,,,,,,,,,,,6135999756.0,227868095.0
,,,,,,,,,,,,,6132000122.0,226524219.0
,,,,,,,,,,,,,6127999878.0,225891724.0
,,,,,,,,,,,,,6124000244.0,224617675.0
,,,,,,,,,,,,,612.0,223651633.0
,,,,,,,,,,,,,6115999756.0,222937733.0
,,,,,,,,,,,,,6112000122.0,221837685.0
,,,,,,,,,,,,,6107999878.0,220856801.0
,,,,,,,,,,,,,6104000244.0,219960496.0
,,,,,,,,,,,,,610.0,219171032.0
,,,,,,,,,,,,,6095999756.0,218249917.0
,,,,,,,,,,,,,6092000122.0,217527628.0
,,,,,,,,,,,,,6087999878.0,216871917.0
,,,,,,,,,,,,,6084000244.0,215436548.0
,,,,,,,,,,,,,608.0,215259656.0
,,,,,,,,,,,,,6075999756.0,214309424.0
,,,,,,,,,,,,,6072000122.0,213146791.0
,,,,,,,,,,,,,6067999878.0,212559894.0
,,,,,,,,,,,,,6064000244.0,211539626.0
,,,,,,,,,,,,,606.0,211376444.0
,,,,,,,,,,,,,6055999756.0,210477755.0
,,,,,,,,,,,,,6052000122.0,209211856.0
,,,,,,,,,,,,,6047999878.0,209652513.0
,,,,,,,,,,,,,6044000244.0,208640873.0
,,,,,,,,,,,,,604.0,208156347.0
,,,,,,,,,,,,,6035999756.0,20776403.0
,,,,,,,,,,,,,6032000122.0,206744999.0
,,,,,,,,,,,,,6027999878.0,206525743.0
,,,,,,,,,,,,,6024000244.0,20596458.0
,,,,,,,,,,,,,602.0,205811322.0
,,,,,,,,,,,,,6015999756.0,205181405.0
,,,,,,,,,,,,,6012000122.0,205052093.0
,,,,,,,,,,,,,6007999878.0,20459874.0
,,,,,,,,,,,,,6004000244.0,203914598.0
,,,,,,,,,,,,,600.0,203858256.0
,,,,,,,,,,,,,5995999756.0,202864274.0
,,,,,,,,,,,,,5992000122.0,203320041.0
,,,,,,,,,,,,,5987999878.0,202489659.0
,,,,,,,,,,,,,5984000244.0,202333465.0
,,,,,,,,,,,,,598.0,20184125.0
,,,,,,,,,,,,,5975999756.0,20156464.0
,,,,,,,,,,,,,5972000122.0,200617835.0
,,,,,,,,,,,,,5967999878.0,200719982.0
,,,,,,,,,,,,,5964000244.0,200962469.0
,,,,,,,,,,,,,596.0,199657142.0
,,,,,,,,,,,,,5955999756.0,198996782.0
,,,,,,,,,,,,,5952000122.0,198961243.0
,,,,,,,,,,,,,5947999878.0,198594555.0
,,,,,,,,,,,,,5944000244.0,19776696.0
,,,,,,,,,,,,,594.0,197935939.0
,,,,,,,,,,,,,5935999756.0,197105065.0
,,,,,,,,,,,,,5932000122.0,196806446.0
,,,,,,,,,,,,,5927999878.0,196094647.0
,,,,,,,,,,,,,5924000244.0,19515042.0
,,,,,,,,,,,,,592.0,195105523.0
,,,,,,,,,,,,,5915999756.0,194398806.0
,,,,,,,,,,,,,5912000122.0,19329378.0
,,,,,,,,,,,,,5907999878.0,193185732.0
,,,,,,,,,,,,,5904000244.0,191940263.0
,,,,,,,,,,,,,590.0,191724688.0
,,,,,,,,,,,,,5895999756.0,191130132.0
,,,,,,,,,,,,,5892000122.0,190839484.0
,,,,,,,,,,,,,5887999878.0,189339161.0
,,,,,,,,,,,,,5884000244.0,189096183.0
,,,,,,,,,,,,,588.0,187537387.0
,,,,,,,,,,,,,5875999756.0,187191933.0
,,,,,,,,,,,,,5872000122.0,18641068.0
,,,,,,,,,,,,,5867999878.0,185622543.0
,,,,,,,,,,,,,5864000244.0,185479373.0
,,,,,,,,,,,,,586.0,184037387.0
,,,,,,,,,,,,,5855999756.0,183400258.0
,,,,,,,,,,,,,5852000122.0,182313174.0
,,,,,,,,,,,,,5847999878.0,181066796.0
,,,,,,,,,,,,,5844000244.0,180952787.0
,,,,,,,,,,,,,584.0,179775268.0
,,,,,,,,,,,,,5835999756.0,179258511.0
,,,,,,,,,,,,,5832000122.0,178527832.0
,,,,,,,,,,,,,5827999878.0,177591354.0
,,,,,,,,,,,,,5824000244.0,176614583.0
,,,,,,,,,,,,,582.0,175218582.0
,,,,,,,,,,,,,5815999756.0,173868895.0
,,,,,,,,,,,,,5812000122.0,173450261.0
,,,,,,,,,,,,,5807999878.0,171801016.0
,,,,,,,,,,,,,5804000244.0,171557412.0
,,,,,,,,,,,,,580.0,170448855.0
,,,,,,,,,,,,,5795999756.0,170205399.0
,,,,,,,,,,,,,5792000122.0,168888852.0
,,,,,,,,,,,,,5787999878.0,167516291.0
,,,,,,,,,,,,,5784000244.0,16676718.0
,,,,,,,,,,,,,578.0,165782213.0
,,,,,,,,,,,,,5775999756.0,164899766.0
,,,,,,,,,,,,,5772000122.0,163600087.0
,,,,,,,,,,,,,5767999878.0,162380248.0
,,,,,,,,,,,,,5764000244.0,161506668.0
,,,,,,,,,,,,,576.0,15989396.0
,,,,,,,,,,,,,5755999756.0,158829376.0
,,,,,,,,,,,,,5752000122.0,15706256.0
,,,,,,,,,,,,,5747999878.0,156318575.0
,,,,,,,,,,,,,5744000244.0,154835701.0
,,,,,,,,,,,,,574.0,154494524.0
,,,,,,,,,,,,,5735999756.0,153985605.0
,,,,,,,,,,,,,5732000122.0,15200448.0
,,,,,,,,,,,,,5727999878.0,15042232.0
,,,,,,,,,,,,,5724000244.0,149389193.0
,,,,,,,,,,,,,572.0,148174658.0
,,,,,,,,,,,,,5715999756.0,146526665.0
,,,,,,,,,,,,,5712000122.0,145018935.0
,,,,,,,,,,,,,5707999878.0,144645363.0
,,,,,,,,,,,,,5704000244.0,142875776.0
,,,,,,,,,,,,,570.0,142339751.0
,,,,,,,,,,,,,5695999756.0,140671492.0
,,,,,,,,,,,,,5692000122.0,139251784.0
,,,,,,,,,,,,,5687999878.0,137968913.0
,,,,,,,,,,,,,5684000244.0,136805266.0
,,,,,,,,,,,,,568.0,135813579.0
,,,,,,,,,,,,,5675999756.0,134238228.0
,,,,,,,,,,,,,5672000122.0,132705852.0
,,,,,,,,,,,,,5667999878.0,132186651.0
,,,,,,,,,,,,,5664000244.0,130531028.0
,,,,,,,,,,,,,566.0,129608214.0
,,,,,,,,,,,,,5655999756.0,128301755.0
,,,,,,,,,,,,,5652000122.0,127617791.0
,,,,,,,,,,,,,5647999878.0,126481623.0
,,,,,,,,,,,,,5644000244.0,125279799.0
,,,,,,,,,,,,,564.0,124646671.0
,,,,,,,,,,,,,5635999756.0,123494119.0
,,,,,,,,,,,,,5632000122.0,12275824.0
,,,,,,,,,,,,,5627999878.0,121414878.0
,,,,,,,,,,,,,5624000244.0,12061771.0
,,,,,,,,,,,,,562.0,120059207.0
,,,,,,,,,,,,,5615999756.0,119149186.0
,,,,,,,,,,,,,5612000122.0,118553177.0
,,,,,,,,,,,,,5607999878.0,117990427.0
,,,,,,,,,,,,,5604000244.0,117663384.0
,,,,,,,,,,,,,560.0,11677926.0
,,,,,,,,,,,,,5595999756.0,116797186.0
,,,,,,,,,,,,,5592000122.0,116025075.0
,,,,,,,,,,,,,5587999878.0,115821295.0
,,,,,,,,,,,,,5584000244.0,114947394.0
,,,,,,,,,,,,,558.0,115348049.0
,,,,,,,,,,,,,5575999756.0,114638135.0
,,,,,,,,,,,,,5572000122.0,114157826.0
,,,,,,,,,,,,,5567999878.0,114366725.0
,,,,,,,,,,,,,5564000244.0,114240527.0
,,,,,,,,,,,,,556.0,113346703.0
,,,,,,,,,,,,,5555999756.0,114216782.0
,,,,,,,,,,,,,5552000122.0,113465317.0
,,,,,,,,,,,,,5547999878.0,11355561.0
,,,,,,,,,,,,,5544000244.0,11312715.0
,,,,,,,,,,,,,554.0,1134912.0
,,,,,,,,,,,,,5535999756.0,113572627.0
,,,,,,,,,,,,,5532000122.0,113240488.0
,,,,,,,,,,,,,5527999878.0,113458663.0
,,,,,,,,,,,,,5524000244.0,113422126.0
,,,,,,,,,,,,,552.0,113199942.0
,,,,,,,,,,,,,5515999756.0,113235518.0
,,,,,,,,,,,,,5512000122.0,113489717.0
,,,,,,,,,,,,,5507999878.0,113584764.0
,,,,,,,,,,,,,5504000244.0,113588192.0
,,,,,,,,,,,,,550.0,114402495.0
,,,,,,,,,,,,,5495999756.0,11393483.0
,,,,,,,,,,,,,5492000122.0,113898456.0
,,,,,,,,,,,,,5487999878.0,114655495.0
,,,,,,,,,,,,,5484000244.0,114782423.0
,,,,,,,,,,,,,548.0,115167737.0
,,,,,,,,,,,,,5475999756.0,114867128.0
,,,,,,,,,,,,,5472000122.0,11526683.0
,,,,,,,,,,,,,5467999878.0,115238816.0
,,,,,,,,,,,,,5464000244.0,115561299.0
,,,,,,,,,,,,,546.0,115624271.0
,,,,,,,,,,,,,5455999756.0,116022945.0
,,,,,,,,,,,,,5452000122.0,115820184.0
,,,,,,,,,,,,,5447999878.0,115841039.0
,,,,,,,,,,,,,5444000244.0,116198912.0
,,,,,,,,,,,,,544.0,116557524.0
,,,,,,,,,,,,,5435999756.0,116331436.0
,,,,,,,,,,,,,5432000122.0,116350822.0
,,,,,,,,,,,,,5427999878.0,117088832.0
,,,,,,,,,,,,,5424000244.0,116617046.0
,,,,,,,,,,,,,542.0,116627306.0
,,,,,,,,,,,,,5415999756.0,116764262.0
,,,,,,,,,,,,,5412000122.0,117239833.0
,,,,,,,,,,,,,5407999878.0,117280491.0
,,,,,,,,,,,,,5404000244.0,117987268.0
,,,,,,,,,,,,,540.0,116955772.0
,,,,,,,,,,,,,5395999756.0,117732868.0
,,,,,,,,,,,,,5392000122.0,117951706.0
,,,,,,,,,,,,,5387999878.0,118404239.0
,,,,,,,,,,,,,5384000244.0,118259288.0
,,,,,,,,,,,,,538.0,11899446.0
,,,,,,,,,,,,,5375999756.0,118965112.0
,,,,,,,,,,,,,5372000122.0,119889036.0
,,,,,,,,,,,,,5367999878.0,119440064.0
,,,,,,,,,,,,,5364000244.0,120129004.0
,,,,,,,,,,,,,536.0,12047144.0
,,,,,,,,,,,,,5355999756.0,120642006.0
,,,,,,,,,,,,,5352000122.0,121152848.0
,,,,,,,,,,,,,5347999878.0,122272469.0
,,,,,,,,,,,,,5344000244.0,12218751.0
,,,,,,,,,,,,,534.0,123016566.0
,,,,,,,,,,,,,5335999756.0,123583704.0
,,,,,,,,,,,,,5332000122.0,124241583.0
,,,,,,,,,,,,,5327999878.0,124856941.0
,,,,,,,,,,,,,5324000244.0,125711277.0
,,,,,,,,,,,,,532.0,126821727.0
,,,,,,,,,,,,,5315999756.0,127410963.0
,,,,,,,,,,,,,5312000122.0,128309846.0
,,,,,,,,,,,,,5307999878.0,129147306.0
,,,,,,,,,,,,,5304000244.0,130301803.0
,,,,,,,,,,,,,530.0,131086081.0
,,,,,,,,,,,,,5295999756.0,132236496.0
,,,,,,,,,,,,,5292000122.0,134381875.0
,,,,,,,,,,,,,5287999878.0,135426685.0
,,,,,,,,,,,,,5284000244.0,135756314.0
,,,,,,,,,,,,,528.0,137037277.0
,,,,,,,,,,,,,5275999756.0,138877258.0
,,,,,,,,,,,,,5272000122.0,141050249.0
,,,,,,,,,,,,,5267999878.0,142595977.0
,,,,,,,,,,,,,5264000244.0,144258902.0
,,,,,,,,,,,,,526.0,146430045.0
,,,,,,,,,,,,,5255999756.0,148589477.0
,,,,,,,,,,,,,5252000122.0,150846511.0
,,,,,,,,,,,,,5247999878.0,151487783.0
,,,,,,,,,,,,,5244000244.0,15425013.0
,,,,,,,,,,,,,524.0,156741843.0
,,,,,,,,,,,,,5235999756.0,159205794.0
,,,,,,,,,,,,,5232000122.0,161344424.0
,,,,,,,,,,,,,5227999878.0,164544359.0
,,,,,,,,,,,,,5224000244.0,166867912.0
,,,,,,,,,,,,,522.0,169403195.0
,,,,,,,,,,,,,5215999756.0,171886191.0
,,,,,,,,,,,,,5212000122.0,175380215.0
,,,,,,,,,,,,,5207999878.0,177412346.0
,,,,,,,,,,,,,5204000244.0,18065843.0
,,,,,,,,,,,,,520.0,184196949.0
,,,,,,,,,,,,,5195999756.0,187792093.0
,,,,,,,,,,,,,5192000122.0,191166073.0
,,,,,,,,,,,,,5187999878.0,194477752.0
,,,,,,,,,,,,,5184000244.0,197056398.0
,,,,,,,,,,,,,518.0,201291531.0
,,,,,,,,,,,,,5175999756.0,205202416.0
,,,,,,,,,,,,,5172000122.0,209547445.0
,,,,,,,,,,,,,5167999878.0,213277638.0
,,,,,,,,,,,,,5164000244.0,216625929.0
,,,,,,,,,,,,,516.0,220430046.0
,,,,,,,,,,,,,5155999756.0,224832609.0
,,,,,,,,,,,,,5152000122.0,229095534.0
,,,,,,,,,,,,,5147999878.0,233879224.0
,,,,,,,,,,,,,5144000244.0,237000465.0
,,,,,,,,,,,,,514.0,242099196.0
,,,,,,,,,,,,,5135999756.0,246224985.0
,,,,,,,,,,,,,5132000122.0,250164032.0
,,,,,,,,,,,,,5127999878.0,254715741.0
,,,,,,,,,,,,,5124000244.0,25927487.0
,,,,,,,,,,,,,512.0,263720483.0
,,,,,,,,,,,,,5116000061.0,268802553.0
,,,,,,,,,,,,,5111999817.0,273637056.0
,,,,,,,,,,,,,5107999878.0,278504849.0
,,,,,,,,,,,,,5103999939.0,283382207.0
,,,,,,,,,,,,,510.0,288731545.0
,,,,,,,,,,,,,5096000061.0,292919248.0
,,,,,,,,,,,,,5091999817.0,297986567.0
,,,,,,,,,,,,,5087999878.0,30271098.0
,,,,,,,,,,,,,5083999939.0,308735967.0
,,,,,,,,,,,,,508.0,313115865.0
,,,,,,,,,,,,,5076000061.0,317964047.0
,,,,,,,,,,,,,5071999817.0,322672188.0
,,,,,,,,,,,,,5067999878.0,327754349.0
,,,,,,,,,,,,,5063999939.0,332843483.0
,,,,,,,,,,,,,506.0,338727802.0
,,,,,,,,,,,,,5056000061.0,343418121.0
,,,,,,,,,,,,,5051999817.0,348636031.0
,,,,,,,,,,,,,5047999878.0,353049278.0
,,,,,,,,,,,,,5043999939.0,357775986.0
,,,,,,,,,,,,,504.0,363073766.0
,,,,,,,,,,,,,5036000061.0,367895752.0
,,,,,,,,,,,,,5031999817.0,372652739.0
,,,,,,,,,,,,,5027999878.0,377771974.0
,,,,,,,,,,,,,5023999939.0,382709652.0
,,,,,,,,,,,,,502.0,388142109.0
,,,,,,,,,,,,,5016000061.0,391758084.0
,,,,,,,,,,,,,5011999817.0,396496683.0
,,,,,,,,,,,,,5007999878.0,401883453.0
,,,,,,,,,,,,,5003999939.0,40607512.0
,,,,,,,,,,,,,500.0,410589397.0
,,,,,,,,,,,,,4996000061.0,415489227.0
,,,,,,,,,,,,,4991999817.0,419708997.0
,,,,,,,,,,,,,4987999878.0,423565894.0
,,,,,,,,,,,,,4983999939.0,427991152.0
,,,,,,,,,,,,,498.0,432015508.0
,,,,,,,,,,,,,4976000061.0,436142951.0
,,,,,,,,,,,,,4971999817.0,439781457.0
,,,,,,,,,,,,,4967999878.0,443426937.0
,,,,,,,,,,,,,4963999939.0,447423458.0
,,,,,,,,,,,,,496.0,450714827.0
,,,,,,,,,,,,,4956000061.0,453428954.0
,,,,,,,,,,,,,4951999817.0,457480043.0
,,,,,,,,,,,,,4947999878.0,460775256.0
,,,,,,,,,,,,,4943999939.0,463454217.0
,,,,,,,,,,,,,494.0,466957122.0
,,,,,,,,,,,,,4936000061.0,470092505.0
,,,,,,,,,,,,,4931999817.0,473510355.0
,,,,,,,,,,,,,4927999878.0,475057244.0
,,,,,,,,,,,,,4923999939.0,477882147.0
,,,,,,,,,,,,,492.0,480824143.0
,,,,,,,,,,,,,4916000061.0,483253121.0
,,,,,,,,,,,,,4911999817.0,485482305.0
,,,,,,,,,,,,,4907999878.0,487787902.0
,,,,,,,,,,,,,4903999939.0,489974856.0
,,,,,,,,,,,,,490.0,492310613.0
,,,,,,,,,,,,,4896000061.0,494302392.0
,,,,,,,,,,,,,4891999817.0,49609074.0
,,,,,,,,,,,,,4887999878.0,497349292.0
,,,,,,,,,,,,,4883999939.0,499449492.0
,,,,,,,,,,,,,488.0,500678957.0
,,,,,,,,,,,,,4876000061.0,502305746.0
,,,,,,,,,,,,,4871999817.0,503861666.0
,,,,,,,,,,,,,4867999878.0,505577564.0
,,,,,,,,,,,,,4863999939.0,505664945.0
,,,,,,,,,,,,,486.0,507169902.0
,,,,,,,,,,,,,4856000061.0,507914245.0
,,,,,,,,,,,,,4851999817.0,509566486.0
,,,,,,,,,,,,,4847999878.0,509602189.0
,,,,,,,,,,,,,4843999939.0,509849787.0
,,,,,,,,,,,,,484.0,512029946.0
,,,,,,,,,,,,,4836000061.0,512310028.0
,,,,,,,,,,,,,4831999817.0,51368171.0
,,,,,,,,,,,,,4827999878.0,513625443.0
,,,,,,,,,,,,,4823999939.0,515058041.0
,,,,,,,,,,,,,482.0,515131474.0
,,,,,,,,,,,,,4816000061.0,515221715.0
,,,,,,,,,,,,,4811999817.0,516397059.0
,,,,,,,,,,,,,4807999878.0,516811609.0
,,,,,,,,,,,,,4803999939.0,517780244.0
,,,,,,,,,,,,,480.0,518401444.0
,,,,,,,,,,,,,4796000061.0,519127846.0
,,,,,,,,,,,,,4791999817.0,519605756.0
,,,,,,,,,,,,,4787999878.0,520992577.0
,,,,,,,,,,,,,4783999939.0,521725416.0
,,,,,,,,,,,,,478.0,522300363.0
,,,,,,,,,,,,,4776000061.0,523095191.0
,,,,,,,,,,,,,4771999817.0,523622096.0
,,,,,,,,,,,,,4767999878.0,524391174.0
,,,,,,,,,,,,,4763999939.0,525548756.0
,,,,,,,,,,,,,476.0,527027667.0
,,,,,,,,,,,,,4756000061.0,527948022.0
,,,,,,,,,,,,,4751999817.0,527830243.0
,,,,,,,,,,,,,4747999878.0,529603422.0
,,,,,,,,,,,,,4743999939.0,529355288.0
,,,,,,,,,,,,,474.0,530065119.0
,,,,,,,,,,,,,4736000061.0,530620694.0
,,,,,,,,,,,,,4731999817.0,53133291.0
,,,,,,,,,,,,,4727999878.0,531217396.0
,,,,,,,,,,,,,4723999939.0,531805575.0
,,,,,,,,,,,,,472.0,532452345.0
,,,,,,,,,,,,,4716000061.0,531833053.0
,,,,,,,,,,,,,4711999817.0,532444835.0
,,,,,,,,,,,,,4707999878.0,53190881.0
,,,,,,,,,,,,,4703999939.0,530983508.0
,,,,,,,,,,,,,470.0,532230794.0
,,,,,,,,,,,,,4696000061.0,530653834.0
,,,,,,,,,,,,,4691999817.0,53114605.0
,,,,,,,,,,,,,4687999878.0,530755699.0
,,,,,,,,,,,,,4683999939.0,530698538.0
,,,,,,,,,,,,,468.0,530362904.0
,,,,,,,,,,,,,4676000061.0,529615223.0
,,,,,,,,,,,,,4671999817.0,528634429.0
,,,,,,,,,,,,,4667999878.0,528014481.0
,,,,,,,,,,,,,4663999939.0,528301358.0
,,,,,,,,,,,,,466.0,528251648.0
,,,,,,,,,,,,,4656000061.0,527790368.0
,,,,,,,,,,,,,4651999817.0,527553558.0
,,,,,,,,,,,,,4647999878.0,526217222.0
,,,,,,,,,,,,,4643999939.0,525761187.0
,,,,,,,,,,,,,464.0,525379658.0
,,,,,,,,,,,,,4636000061.0,52489984.0
,,,,,,,,,,,,,4631999817.0,524528742.0
,,,,,,,,,,,,,4627999878.0,523446083.0
,,,,,,,,,,,,,4623999939.0,52373755.0
,,,,,,,,,,,,,462.0,52298671.0
,,,,,,,,,,,,,4616000061.0,523644269.0
,,,,,,,,,,,,,4611999817.0,523501098.0
,,,,,,,,,,,,,4607999878.0,522918463.0
,,,,,,,,,,,,,4603999939.0,522738874.0
,,,,,,,,,,,,,460.0,521842897.0
,,,,,,,,,,,,,4596000061.0,522298515.0
,,,,,,,,,,,,,4591999817.0,521689057.0
,,,,,,,,,,,,,4587999878.0,522660434.0
,,,,,,,,,,,,,4583999939.0,522307694.0
,,,,,,,,,,,,,458.0,522567749.0
,,,,,,,,,,,,,4576000061.0,5239591.0
,,,,,,,,,,,,,4571999817.0,523356617.0
,,,,,,,,,,,,,4567999878.0,524459243.0
,,,,,,,,,,,,,4563999939.0,525628209.0
,,,,,,,,,,,,,456.0,526137054.0
,,,,,,,,,,,,,4556000061.0,527266979.0
,,,,,,,,,,,,,4551999817.0,52721405.0
,,,,,,,,,,,,,4547999878.0,529799819.0
,,,,,,,,,,,,,4543999939.0,53011322.0
,,,,,,,,,,,,,454.0,532810211.0
,,,,,,,,,,,,,4536000061.0,533945262.0
,,,,,,,,,,,,,4531999817.0,535759151.0
,,,,,,,,,,,,,4527999878.0,538312912.0
,,,,,,,,,,,,,4523999939.0,540619314.0
,,,,,,,,,,,,,452.0,542829037.0
,,,,,,,,,,,,,4516000061.0,54460305.0
,,,,,,,,,,,,,4511999817.0,547217131.0
,,,,,,,,,,,,,4507999878.0,549327314.0
,,,,,,,,,,,,,4503999939.0,551953256.0
,,,,,,,,,,,,,450.0,554821849.0
,,,,,,,,,,,,,4496000061.0,557776153.0
,,,,,,,,,,,,,4491999817.0,560822427.0
,,,,,,,,,,,,,4487999878.0,563153029.0
,,,,,,,,,,,,,4483999939.0,56670177.0
,,,,,,,,,,,,,448.0,570377052.0
,,,,,,,,,,,,,4476000061.0,572960138.0
,,,,,,,,,,,,,4471999817.0,575740516.0
,,,,,,,,,,,,,4467999878.0,577889204.0
,,,,,,,,,,,,,4463999939.0,581230521.0
,,,,,,,,,,,,,446.0,5836308.0
,,,,,,,,,,,,,4456000061.0,586401939.0
,,,,,,,,,,,,,4451999817.0,590127528.0
,,,,,,,,,,,,,4447999878.0,591835976.0
,,,,,,,,,,,,,4443999939.0,594013035.0
,,,,,,,,,,,,,444.0,596298754.0
,,,,,,,,,,,,,4436000061.0,598438799.0
,,,,,,,,,,,,,4431999817.0,600618124.0
,,,,,,,,,,,,,4427999878.0,602033913.0
,,,,,,,,,,,,,4423999939.0,604664207.0
,,,,,,,,,,,,,442.0,606120467.0
,,,,,,,,,,,,,4416000061.0,608654976.0
,,,,,,,,,,,,,4411999817.0,609312475.0
,,,,,,,,,,,,,4407999878.0,610604048.0
,,,,,,,,,,,,,4403999939.0,61075449.0
,,,,,,,,,,,,,440.0,611481488.0
,,,,,,,,,,,,,4396000061.0,61256808.0
,,,,,,,,,,,,,4391999817.0,612930358.0
,,,,,,,,,,,,,4387999878.0,613983572.0
,,,,,,,,,,,,,4383999939.0,614366174.0
,,,,,,,,,,,,,438.0,614448369.0
,,,,,,,,,,,,,4376000061.0,614662468.0
,,,,,,,,,,,,,4371999817.0,613951147.0
,,,,,,,,,,,,,4367999878.0,614934146.0
,,,,,,,,,,,,,4363999939.0,614843071.0
,,,,,,,,,,,,,436.0,61519748.0
,,,,,,,,,,,,,4356000061.0,614346564.0
,,,,,,,,,,,,,4351999817.0,613666713.0
,,,,,,,,,,,,,4347999878.0,613145351.0
,,,,,,,,,,,,,4343999939.0,613102734.0
,,,,,,,,,,,,,434.0,611944437.0
,,,,,,,,,,,,,4336000061.0,611666501.0
,,,,,,,,,,,,,4331999817.0,611009896.0
,,,,,,,,,,,,,4327999878.0,61038053.0
,,,,,,,,,,,,,4323999939.0,608332157.0
,,,,,,,,,,,,,432.0,609141409.0
,,,,,,,,,,,,,4316000061.0,608276129.0
,,,,,,,,,,,,,4311999817.0,606563211.0
,,,,,,,,,,,,,4307999878.0,603733063.0
,,,,,,,,,,,,,4303999939.0,60403651.0
,,,,,,,,,,,,,430.0,602985919.0
,,,,,,,,,,,,,4296000061.0,600496411.0
,,,,,,,,,,,,,4291999817.0,60013938.0
,,,,,,,,,,,,,4287999878.0,59960556.0
,,,,,,,,,,,,,4283999939.0,597551525.0
,,,,,,,,,,,,,428.0,596336186.0
,,,,,,,,,,,,,4276000061.0,595139444.0
,,,,,,,,,,,,,4271999817.0,593767643.0
,,,,,,,,,,,,,4267999878.0,592003465.0
,,,,,,,,,,,,,4263999939.0,591329038.0
,,,,,,,,,,,,,426.0,590521514.0
,,,,,,,,,,,,,4256000061.0,589612722.0
,,,,,,,,,,,,,4251999817.0,588685334.0
,,,,,,,,,,,,,4247999878.0,587251246.0
,,,,,,,,,,,,,4243999939.0,586949289.0
,,,,,,,,,,,,,424.0,586871922.0
,,,,,,,,,,,,,4236000061.0,582602263.0
,,,,,,,,,,,,,4231999817.0,583638966.0
,,,,,,,,,,,,,4227999878.0,583937764.0
,,,,,,,,,,,,,4223999939.0,582762897.0
,,,,,,,,,,,,,422.0,580841601.0
,,,,,,,,,,,,,4216000061.0,581345618.0
,,,,,,,,,,,,,4211999817.0,580539823.0
,,,,,,,,,,,,,4207999878.0,580325007.0
,,,,,,,,,,,,,4203999939.0,578698933.0
,,,,,,,,,,,,,420.0,577860713.0
,,,,,,,,,,,,,4196000061.0,577695608.0
,,,,,,,,,,,,,4191999817.0,577349126.0
,,,,,,,,,,,,,4187999878.0,576921582.0
,,,,,,,,,,,,,4183999939.0,576041818.0
,,,,,,,,,,,,,418.0,575495839.0
,,,,,,,,,,,,,4176000061.0,574170947.0
,,,,,,,,,,,,,4171999817.0,574260056.0
,,,,,,,,,,,,,4167999878.0,573332489.0
,,,,,,,,,,,,,4163999939.0,572867036.0
,,,,,,,,,,,,,416.0,571369946.0
,,,,,,,,,,,,,4156000061.0,570946038.0
,,,,,,,,,,,,,4151999817.0,570294797.0
,,,,,,,,,,,,,4147999878.0,568802238.0
,,,,,,,,,,,,,4143999939.0,567684412.0
,,,,,,,,,,,,,414.0,56781745.0
,,,,,,,,,,,,,4136000061.0,565591574.0
,,,,,,,,,,,,,4131999817.0,56352526.0
,,,,,,,,,,,,,4127999878.0,563310564.0
,,,,,,,,,,,,,4123999939.0,562002897.0
,,,,,,,,,,,,,412.0,560010433.0
,,,,,,,,,,,,,4116000061.0,559415519.0
,,,,,,,,,,,,,4111999817.0,55846405.0
,,,,,,,,,,,,,4107999878.0,555937171.0
,,,,,,,,,,,,,4103999939.0,554376364.0
,,,,,,,,,,,,,410.0,553360224.0
,,,,,,,,,,,,,4096000061.0,551590383.0
,,,,,,,,,,,,,4091999817.0,550915062.0
,,,,,,,,,,,,,4087999878.0,546815455.0
,,,,,,,,,,,,,4083999939.0,545104444.0
,,,,,,,,,,,,,408.0,544894218.0
,,,,,,,,,,,,,4076000061.0,541866243.0
,,,,,,,,,,,,,4071999817.0,539614201.0
,,,,,,,,,,,,,4067999878.0,538739026.0
,,,,,,,,,,,,,4063999939.0,535974622.0
,,,,,,,,,,,,,406.0,534347296.0
,,,,,,,,,,,,,4056000061.0,531984448.0
,,,,,,,,,,,,,4051999817.0,530532897.0
,,,,,,,,,,,,,4047999878.0,527379096.0
,,,,,,,,,,,,,4043999939.0,525882006.0
,,,,,,,,,,,,,404.0,522303104.0
,,,,,,,,,,,,,4036000061.0,522366405.0
,,,,,,,,,,,,,4031999817.0,519867837.0
,,,,,,,,,,,,,4027999878.0,517892778.0
,,,,,,,,,,,,,4023999939.0,515372217.0
,,,,,,,,,,,,,402.0,516160071.0
,,,,,,,,,,,,,4016000061.0,514442742.0
,,,,,,,,,,,,,4011999817.0,512222111.0
,,,,,,,,,,,,,4007999878.0,511171222.0
,,,,,,,,,,,,,4003999939.0,509174585.0
,,,,,,,,,,,,,400.0,507768929.0
,,,,,,,,,,,,,3996000061.0,506759405.0
,,,,,,,,,,,,,3991999817.0,505106092.0
,,,,,,,,,,,,,3987999878.0,504095912.0
,,,,,,,,,,,,,3983999939.0,503425717.0
,,,,,,,,,,,,,398.0,500849664.0
,,,,,,,,,,,,,3976000061.0,500411987.0
,,,,,,,,,,,,,3971999817.0,500901163.0
,,,,,,,,,,,,,3967999878.0,498769194.0
,,,,,,,,,,,,,3963999939.0,498108357.0
,,,,,,,,,,,,,396.0,497036189.0
,,,,,,,,,,,,,3956000061.0,497266293.0
,,,,,,,,,,,,,3951999817.0,497508794.0
,,,,,,,,,,,,,3947999878.0,495977938.0
,,,,,,,,,,,,,3943999939.0,496979952.0
,,,,,,,,,,,,,394.0,495574057.0
,,,,,,,,,,,,,3936000061.0,497386456.0
,,,,,,,,,,,,,3931999817.0,495328665.0
,,,,,,,,,,,,,3927999878.0,494074553.0
,,,,,,,,,,,,,3923999939.0,495509744.0
,,,,,,,,,,,,,392.0,494209796.0
,,,,,,,,,,,,,3916000061.0,494780213.0
,,,,,,,,,,,,,3911999817.0,494820476.0
,,,,,,,,,,,,,3907999878.0,495103777.0
,,,,,,,,,,,,,3903999939.0,495832712.0
,,,,,,,,,,,,,390.0,495170116.0
,,,,,,,,,,,,,3896000061.0,495951623.0
,,,,,,,,,,,,,3891999817.0,494661421.0
,,,,,,,,,,,,,3887999878.0,493774682.0
,,,,,,,,,,,,,3883999939.0,493977457.0
,,,,,,,,,,,,,388.0,495319426.0
,,,,,,,,,,,,,3876000061.0,494096041.0
,,,,,,,,,,,,,3871999817.0,493163109.0
,,,,,,,,,,,,,3867999878.0,49374944.0
,,,,,,,,,,,,,3863999939.0,493564606.0
,,,,,,,,,,,,,386.0,493713379.0
,,,,,,,,,,,,,3856000061.0,495298505.0
,,,,,,,,,,,,,3851999817.0,494274646.0
,,,,,,,,,,,,,3847999878.0,493341535.0
,,,,,,,,,,,,,3843999939.0,493524015.0
,,,,,,,,,,,,,384.0,491792738.0
,,,,,,,,,,,,,3836000061.0,493519604.0
,,,,,,,,,,,,,3831999817.0,490534782.0
,,,,,,,,,,,,,3827999878.0,491409898.0
,,,,,,,,,,,,,3823999939.0,492503256.0
,,,,,,,,,,,,,382.0,490866661.0
,,,,,,,,,,,,,3816000061.0,489830613.0
,,,,,,,,,,,,,3811999817.0,490333766.0
,,,,,,,,,,,,,3807999878.0,488445938.0
,,,,,,,,,,,,,3803999939.0,489619672.0
,,,,,,,,,,,,,380.0,487044424.0
,,,,,,,,,,,,,3796000061.0,4890683.0
,,,,,,,,,,,,,3791999817.0,487216443.0
,,,,,,,,,,,,,3787999878.0,485318124.0
,,,,,,,,,,,,,3783999939.0,486006379.0
,,,,,,,,,,,,,378.0,485444486.0
,,,,,,,,,,,,,3776000061.0,483824581.0
,,,,,,,,,,,,,3771999817.0,482904315.0
,,,,,,,,,,,,,3767999878.0,480472863.0
,,,,,,,,,,,,,3763999939.0,479655385.0
,,,,,,,,,,,,,376.0,480735749.0
,,,,,,,,,,,,,3756000061.0,477232814.0
,,,,,,,,,,,,,3751999817.0,47782898.0
,,,,,,,,,,,,,3747999878.0,475741983.0
,,,,,,,,,,,,,3743999939.0,474625081.0
,,,,,,,,,,,,,374.0,473424852.0
,,,,,,,,,,,,,3736000061.0,471755505.0
,,,,,,,,,,,,,3731999817.0,471053362.0
,,,,,,,,,,,,,3727999878.0,470605999.0
,,,,,,,,,,,,,3723999939.0,469183505.0
,,,,,,,,,,,,,372.0,467338413.0
,,,,,,,,,,,,,3716000061.0,466549248.0
,,,,,,,,,,,,,3711999817.0,465910852.0
,,,,,,,,,,,,,3707999878.0,466319084.0
,,,,,,,,,,,,,3703999939.0,465129823.0
,,,,,,,,,,,,,370.0,46487993.0
,,,,,,,,,,,,,3696000061.0,464601964.0
,,,,,,,,,,,,,3691999817.0,46175763.0
,,,,,,,,,,,,,3687999878.0,459724993.0
,,,,,,,,,,,,,3683999939.0,460361183.0
,,,,,,,,,,,,,368.0,458158821.0
,,,,,,,,,,,,,3676000061.0,459138781.0
,,,,,,,,,,,,,3671999817.0,457905471.0
,,,,,,,,,,,,,3667999878.0,456441522.0
,,,,,,,,,,,,,3663999939.0,454439282.0
,,,,,,,,,,,,,366.0,45667553.0
,,,,,,,,,,,,,3656000061.0,454525888.0
,,,,,,,,,,,,,3651999817.0,452141583.0
,,,,,,,,,,,,,3647999878.0,45390597.0
,,,,,,,,,,,,,3643999939.0,452869445.0
,,,,,,,,,,,,,364.0,451792538.0
,,,,,,,,,,,,,3636000061.0,449240625.0
,,,,,,,,,,,,,3631999817.0,449461401.0
,,,,,,,,,,,,,3627999878.0,44971022.0
,,,,,,,,,,,,,3623999939.0,448781073.0
,,,,,,,,,,,,,362.0,450431407.0
,,,,,,,,,,,,,3616000061.0,448481321.0
,,,,,,,,,,,,,3611999817.0,447354406.0
,,,,,,,,,,,,,3607999878.0,445131809.0
,,,,,,,,,,,,,3603999939.0,443813622.0
,,,,,,,,,,,,,360.0,444142222.0
,,,,,,,,,,,,,3596000061.0,446435958.0
,,,,,,,,,,,,,3591999817.0,444333851.0
,,,,,,,,,,,,,3587999878.0,442137837.0
,,,,,,,,,,,,,3583999939.0,439430952.0
,,,,,,,,,,,,,358.0,442475259.0
,,,,,,,,,,,,,3576000061.0,441771209.0
,,,,,,,,,,,,,3571999817.0,440290064.0
,,,,,,,,,,,,,3567999878.0,438609392.0
,,,,,,,,,,,,,3563999939.0,440953374.0
,,,,,,,,,,,,,356.0,439958423.0
,,,,,,,,,,,,,3556000061.0,440042555.0
,,,,,,,,,,,,,3551999817.0,440636158.0
,,,,,,,,,,,,,3547999878.0,439820468.0
,,,,,,,,,,,,,3543999939.0,440793097.0
,,,,,,,,,,,,,354.0,440987468.0
,,,,,,,,,,,,,3536000061.0,441488266.0
,,,,,,,,,,,,,3531999817.0,438852578.0
,,,,,,,,,,,,,3527999878.0,442314416.0
,,,,,,,,,,,,,3523999939.0,440168262.0
,,,,,,,,,,,,,352.0,44167462.0
,,,,,,,,,,,,,3516000061.0,442272246.0
,,,,,,,,,,,,,3511999817.0,44144088.0
,,,,,,,,,,,,,3507999878.0,443206638.0
,,,,,,,,,,,,,3503999939.0,445767403.0
,,,,,,,,,,,,,350.0,445102334.0
