Wavelength (nm);Abs_Eva;Abs_Jasmijn;Abs_Mads;Abs_Koen;Abs_Nicco;Abs_model
800;-0,000741104;-0,012785387;-0,000518238;-0,019468872;-0,000108966;0,001335126
799,5999756;-0,001708887;-0,016404687;-0,003437477;-0,021547344;-0,001098556;0,00103722
799,2000122;-0,002096252;-0,014935534;-0,002398173;-0,021238681;-0,000550556;0,000922987
798,7999878;-0,000808442;-0,012793581;-0,000866005;-0,018930795;-0,000276374;0,001516975
798,4000244;-0,000192031;-0,012593665;-0,000915811;-0,018655233;0,00055859;0,001071343
798;-0,002665668;-0,01313819;-0,002657538;-0,019348515;-0,000232187;0,000173186
797,5999756;-0,000580907;-0,013181787;-0,00309562;-0,020213738;0,000699692;0,001647839
797,2000122;-0,001998142;-0,014545839;-0,003069043;-0,020430133;-0,00043927;0,001016047
796,7999878;-0,002936495;-0,014386549;-0,002751126;-0,021894284;-0,001497559;0,000601722
796,4000244;-7,15E-05;-0,012685188;-0,000404978;-0,019141637;-0,001168524;0,000488406
796;-0,0009871;-0,014111444;-0,000868692;-0,018936446;-0,000878251;0,000328876
795,5999756;-0,000788754;-0,012225924;-0,001556733;-0,019641006;0,000160264;0,002549731
795,2000122;-0,001768187;-0,015349817;-0,002517606;-0,020724513;0,000133048;0,001987978
794,7999878;-0,001994792;-0,01443678;-0,001646742;-0,02105909;0,000546434;0,001905109
794,4000244;-0,000833401;-0,013426058;-0,00189403;-0,018770576;0,000608176;0,001296854
794;-0,001979228;-0,013900451;-0,002753441;-0,020267451;-4,77E-05;0,00085207
793,5999756;-0,002674775;-0,015173222;-0,002638601;-0,02000742;-0,000131895;0,000980631
793,2000122;-0,00082689;-0,014349484;-0,002198564;-0,020033425;-0,00137867;0,001402512
792,7999878;-0,001096232;-0,014379636;-0,002762907;-0,019612256;0,000650172;0,001550668
792,4000244;-0,001511231;-0,01436992;-0,002463814;-0,02098377;0,000979204;0,000844833
792;-0,000423185;-0,013426058;-0,002605615;-0,019192612;0,000287688;0,00167003
791,5999756;-0,00069929;-0,012495032;-0,001186853;-0,01828187;-0,001514791;-0,000869725
791,2000122;-0,001602023;-0,012995666;-0,002059618;-0,019945862;-0,000207142;0,001814223
790,7999878;-0,002096819;-0,013425958;-0,002506694;-0,020400347;-0,000960859;4,76E-06
790,4000244;-0,001212255;-0,013705409;-0,00228808;-0,020841429;0,00074862;0,001371194
790;-0,003151647;-0,014345527;-0,002686815;-0,020061703;-0,000374098;0,001368259
789,5999756;-0,001282514;-0,012914662;-0,001443382;-0,020502882;-0,000185407;0,000131961
789,2000122;-0,001415826;-0,013214231;-0,001273687;-0,018674525;0,000105912;0,002395767
788,7999878;-0,002725814;-0,014053807;-0,00295295;-0,020415166;-0,000123044;0,000991113
788,4000244;-0,000401358;-0,012256174;-0,00110057;-0,01840014;0,00120485;0,002395195
788;-0,001073354;-0,012965819;-0,000666104;-0,020737594;0,001087354;0,001079154
787,5999756;-0,001245708;-0,013648018;-0,00244178;-0,020019978;-0,00059104;0,000735084
787,2000122;-0,000702546;-0,013532761;-0,001458913;-0,020002032;-0,000251591;0,001094257
786,7999878;-0,001122155;-0,013639991;-0,001846811;-0,019617749;0,000173367;0,002035439
786,4000244;-0,0028916;-0,014155845;-0,003181559;-0,021301635;-0,000872774;0,000371156
786;-0,00161007;-0,013488748;-0,00270611;-0,020719528;-0,000453234;0,000387867
785,5999756;-0,002364396;-0,015109574;-0,002342564;-0,021382272;0,000410435;0,001495727
785,2000122;-0,001502408;-0,013707165;-0,002856679;-0,021923967;0,000111143;0,00052881
784,7999878;-0,001304917;-0,014113549;-0,002377372;-0,020440752;0,000490428;0,001367065
784,4000244;-0,001042522;-0,013687751;-0,001525986;-0,020465743;6,91E-05;0,000946775
784;-0,001699192;-0,013827239;-0,002838574;-0,019672675;0,000470473;0,001457597
783,5999756;-0,002379998;-0,014206856;-0,00260896;-0,021361375;-0,00016952;0,002339678
783,2000122;-0,000263646;-0,012791018;-0,001864441;-0,01949887;-0,00014354;0,000509735
782,7999878;-0,002422731;-0,013751908;-0,002958812;-0,020726142;-0,000879904;0,00138854
782,4000244;-0,002030453;-0,01386144;-0,00295732;-0,020356976;-0,000145041;0,000706511
782;-0,002129637;-0,014799553;-0,001917741;-0,021599563;-0,000615753;0,001373037
781,5999756;-0,000695103;-0,013819767;-0,001787212;-0,019515352;0,00110578;0,001538744
781,2000122;-0,002175384;-0,014306004;-0,002211493;-0,019854918;0,000478507;0,000295926
780,7999878;-0,002105372;-0,013222617;-0,002361616;-0,019725317;-8,30E-05;0,00132126
780,4000244;-0,001705638;-0,013497431;-0,000998826;-0,019525796;0,000909809;0,002593868
780;-0,001031417;-0,014502379;-0,002360534;-0,021034872;0,000624663;0,00276804
779,5999756;-0,000937664;-0,013225731;-0,000611255;-0,018873546;-0,000314608;-1,62E-05
779,2000122;-0,001793348;-0,012889685;-0,001470987;-0,019591423;-1,91E-05;0,001967773
778,7999878;-0,000866419;-0,012445932;-0,000558829;-0,019091353;-0,00052191;0,000905762
778,4000244;-0,001567256;-0,012649938;-0,001252213;-0,019985123;0,000376442;0,001448559
778;-0,002318464;-0,014661878;-0,002142929;-0,020354556;0,000675061;0,002197548
777,5999756;-0,002291737;-0,013934447;-0,002172138;-0,020438826;0,000895049;0,000738948
777,2000122;-0,000565344;-0,012649938;-0,001776488;-0,02041818;-0,000485143;0,000118626
776,7999878;-0,001111518;-0,013947031;-0,001798349;-0,020660095;0,000117668;0,000192039
776,4000244;-0,002052043;-0,013566534;-0,002484714;-0,020472806;-5,82E-05;0,002277741
776;-0,000902327;-0,011998049;-0,001230944;-0,019614385;0,000893467;0,001366571
775,5999756;-0,001959489;-0,013082081;-0,002020507;-0,01941902;2,00E-05;0,000458398
775,2000122;-0,000849523;-0,013407034;-0,001786233;-0,020809995;0,000606103;0,000944155
774,7999878;-3,18E-05;-0,012825954;-0,000837742;-0,020211317;6,45E-05;0,000661994
774,4000244;-0,001988866;-0,013971396;-0,002491972;-0,020794548;-4,23E-05;0,00152986
774;-0,001711826;-0,013682734;-0,001824076;-0,019517975;-0,000580079;0,001094413
773,5999756;-0,001684804;-0,013290608;-0,000674065;-0,019928604;0,000313981;0,002136542
773,2000122;-0,001182775;-0,013162048;-0,001624977;-0,019759947;-7,99E-05;0,000849606
772,7999878;-0,001941605;-0,014054257;-0,002347867;-0,02129562;0,000412793;0,00250841
772,4000244;-0,000682077;-0,01242128;-0,000461147;-0,019520352;-2,41E-05;0,001529652
772;-0,001106096;-0,012787146;-0,001524387;-0,020290675;1,95E-05;0,000906411
771,5999756;-0,001793503;-0,012651648;-0,002092955;-0,019640908;4,82E-05;0,00196499
771,2000122;-0,001170331;-0,013722765;-0,001777158;-0,02100577;-0,000861303;0,000493952
770,7999878;-0,000162533;-0,013539487;-0,001277043;-0,019514164;-0,000498226;0,0003181
770,4000244;-0,001840161;-0,013650477;-0,001437087;-0,020305496;0,000261579;0,000623678
770;-0,00105032;-0,012978934;-0,001491522;-0,020918945;0,000103582;0,000546641
769,5999756;-0,00133795;-0,012672517;-0,001487085;-0,01964739;0,000221459;0,000842525
769,2000122;-0,001558177;-0,013507017;-0,002320421;-0,02007594;0,000420203;0,001554072
768,7999878;-0,001579637;-0,01358505;-0,002640968;-0,020432208;0,000128646;0,000945478
768,4000244;-0,002621157;-0,014621434;-0,002099653;-0,021118864;-0,000152028;0,001045887
768;-0,001965726;-0,014459916;-0,002276338;-0,020707386;-3,87E-05;0,001147954
767,5999756;-0,000994693;-0,013402064;-0,001642719;-0,019922422;0,000496803;0,001128384
767,2000122;-0,00095466;-0,013007424;-0,001136614;-0,020778954;-0,001000478;0,000848801
766,7999878;-0,000751079;-0,013205593;-0,001937946;-0,020653035;-6,55E-05;3,68E-05
766,4000244;-0,002365889;-0,014344926;-0,003111246;-0,0210036;-0,000790407;0,001328141
766;-0,00024238;-0,012888781;-0,001176527;-0,019752033;9,24E-05;0,001147045
765,5999756;-0,00033318;-0,013737713;-0,002048385;-0,020318689;0,000392505;0,001212871
765,2000122;-0,000587835;-0,012329299;-0,00076157;-0,019166209;0,001808062;0,002640302
764,7999878;-0,001520053;-0,013179074;-0,001834954;-0,020694995;0,000463192;0,000925321
764,4000244;-0,000849368;-0,013336198;-0,002747782;-0,021230251;-0,00025454;0,001353977
764;-0,000875977;-0,012182986;-0,001608265;-0,020960091;-0,000310934;0,001024895
763,5999756;-0,000484884;-0,013201825;-0,001169299;-0,019479712;0,000784302;0,001722447
763,2000122;-0,000899899;-0,013525937;-0,000764154;-0,019794971;-0,00046849;0,000873572
762,7999878;-0,000406271;-0,013151148;-0,001777622;-0,019860951;-0,001069688;-0,000312849
762,4000244;0,000355171;-0,011959471;-0,000762449;-0,019849725;-0,000104153;0,001046509
762;-0,000415582;-0,013477506;-0,001350234;-0,021045921;3,48E-05;0,001114785
761,5999756;-0,000931723;-0,011514211;-0,001073819;-0,019612901;0,000484363;0,000225603
761,2000122;-0,000207608;-0,01243914;-0,000818416;-0,019781267;0,000610198;0,001390644
760,7999878;2,28E-05;-0,013638987;-0,001007865;-0,020084344;0,001462974;0,001485467
760,4000244;0,000269116;-0,012378512;-0,001777107;-0,020682162;0,000760263;0,001734064
760;0,000873364;-0,011182641;-0,000212782;-0,018313983;3,95E-05;0,001408329
759,5999756;1,76E-05;-0,012340572;-0,000959671;-0,021211023;4,96E-05;0,001351718
759,2000122;-0,000768599;-0,012166021;-0,001465724;-0,019627994;0,000428806;0,001765772
758,7999878;-0,001304865;-0,013991498;-0,002164617;-0,020671399;-0,000506138;0,001631027
758,4000244;-0,000575891;-0,013441066;-0,001331447;-0,021014946;0,000210167;0,002050914
758;-0,00074343;-0,013444681;-0,001118696;-0,020486733;-6,91E-05;0,001678216
757,5999756;-0,0001852;-0,012537435;-0,000522375;-0,019554751;0,000488588;0,00079841
757,2000122;-0,001309356;-0,013514846;-0,001984073;-0,021652564;0,000251736;0,000585106
756,7999878;-0,000129928;-0,012151422;-0,000647495;-0,020134415;0,000486955;0,001763303
756,4000244;-0,000562138;-0,013352415;-0,001397404;-0,020566585;0,001144164;0,002405138
756;-0,000122216;-0,012562584;-0,000984311;-0,020615712;0,000642784;0,002100983
755,5999756;-6,13E-05;-0,012187517;-0,001278333;-0,020054189;6,35E-05;0,001041631
755,2000122;8,71E-05;-0,012322305;-0,001392604;-0,02097494;0,000687402;0,001016358
754,7999878;-0,001022585;-0,013237783;-0,002045036;-0,020645285;-8,09E-05;0,001663664
754,4000244;0,00075251;-0,014024283;-0,001179625;-0,021280486;0,000583551;0,001505286
754;0,000372218;-0,011765015;-0,000242484;-0,019707952;0,001162099;0,001465363
753,5999756;0,00119618;-0,011468228;-0,000220906;-0,019621411;0,000771362;0,002364664
753,2000122;0,000846701;-0,012576365;-0,001057034;-0,019687073;0,001482999;0,002687392
752,7999878;0,000162335;-0,012947779;-0,001011015;-0,020665377;0,001006525;0,001607435
752,4000244;-0,000390651;-0,012420273;-0,000934771;-0,020798596;0,00128042;0,00185059
752;0,00011368;-0,013047567;-0,000995106;-0,020418279;0,000650017;0,001522145
751,5999756;0,000116166;-0,012207803;-0,000739915;-0,019591324;-2,26E-05;0,001039815
751,2000122;-0,000105498;-0,012613933;-0,001022895;-0,019581029;0,000446089;0,00160624
750,7999878;-0,000700013;-0,011753325;-0,00043808;-0,020438677;0,000336803;0,001674266
750,4000244;7,05E-05;-0,012957679;-0,000871224;-0,021085132;0,00165275;0,001841544
750;-0,001019435;-0,013262439;-0,001913721;-0,021419283;0,001033146;0,001976042
749,5999756;-0,000177852;-0,01247018;-0,000880317;-0,020956637;0,000474257;0,001007018
749,2000122;0,000709544;-0,012145884;-0,000671635;-0,020031745;0,001541654;0,002331766
748,7999878;0,000514374;-0,012625148;-0,000696912;-0,020676089;0,001583714;0,001655037
748,4000244;0,000652869;-0,012304691;-0,001426044;-0,020253122;0,001063921;0,001967252
748;0,00096369;-0,012320695;-0,001112396;-0,019410456;0,000480995;0,000577667
747,5999756;0,00073607;-0,012657783;-0,000494865;-0,020389086;0,002164638;0,002944314
747,2000122;0,001630898;-0,012088941;-0,000206521;-0,019555889;0,000575801;0,001795819
746,7999878;0,000810469;-0,011832681;-0,000861975;-0,020795437;0,000356208;0,000729665
746,4000244;0,00114785;-0,012453529;-0,00071247;-0,020470288;0,001460714;0,002168202
746;0,001252615;-0,011614379;-0,000644186;-0,019600231;0,001059717;0,002295202
745,5999756;0,002314278;-0,011390116;-0,000402961;-0,01937139;-5,43E-05;0,001099992
745,2000122;0,001877134;-0,011276226;0,000588891;-0,018947052;0,001138039;0,002240635
744,7999878;0,002230279;-0,010901864;0,000328462;-0,019384116;0,000766564;0,001869048
744,4000244;0,001813495;-0,012200806;-0,000379426;-0,020595765;0,001211702;0,001504429
744;0,001527548;-0,011748437;0,000204081;-0,020717949;0,001489415;0,001678788
743,5999756;0,002491019;-0,011486531;-0,000304726;-0,020860231;0,00128582;0,002407767
743,2000122;0,00244559;-0,010769918;0,000548844;-0,019749213;0,000832877;0,001347252
742,7999878;0,001328998;-0,012109736;-0,000542903;-0,021359896;0,001368311;0,002588452
742,4000244;0,00268536;-0,011237079;-0,000230479;-0,020073222;0,001237039;0,00240709
742;0,003123084;-0,010641366;0,001273617;-0,019481594;0,001248487;0,002102986
741,5999756;0,002395065;-0,010921756;0,000821699;-0,019803973;0,001651321;0,001588755
741,2000122;0,002858187;-0,009463237;0,000893467;-0,019583059;0,001063532;0,001830626
740,7999878;0,003168036;-0,010165471;0,000986209;-0,01964655;0,001071239;0,000930094
740,4000244;0,003797354;-0,0097454;0,001575738;-0,019227333;0,001608371;0,001340708
740;0,003224884;-0,010488773;0,000845611;-0,02013501;0,001756987;0,001951781
739,5999756;0,004302287;-0,009425852;0,002002619;-0,019038782;0,001936361;0,001960986
739,2000122;0,002941629;-0,010020197;0,00114297;-0,019774491;0,001697368;0,002672181
738,7999878;0,00376299;-0,010054901;0,001317521;-0,019252146;0,000994693;0,001488844
738,4000244;0,00451596;-0,0098025;0,001783239;-0,019408377;0,001881787;0,002530958
738;0,004383811;-0,010095673;0,002018716;-0,019247342;0,002023996;0,002210453
737,5999756;0,003898242;-0,009894106;0,001673356;-0,01918409;0,002173379;0,002167681
737,2000122;0,005142783;-0,009072351;0,002615014;-0,018315323;0,002097549;0,002291481
736,7999878;0,005900249;-0,009300804;0,002485681;-0,018367039;0,001459259;0,00222864
736,4000244;0,005088852;-0,009231525;0,002241936;-0,018640008;0,001439702;0,001848017
736;0,005628041;-0,009197972;0,003073366;-0,017924877;0,003034811;0,002230852
735,5999756;0,005581628;-0,009489425;0,002586863;-0,018662177;0,002737378;0,002712528
735,2000122;0,006108041;-0,008988786;0,002363154;-0,018681021;0,002450354;0,00248136
734,7999878;0,005435681;-0,008814761;0,00280949;-0,018413389;0,002088654;0,002176241
734,4000244;0,006224225;-0,008211599;0,003549166;-0,018531028;0,003403275;0,002993652
734;0,006939443;-0,007591369;0,003381464;-0,017763888;0,002934853;0,002664003
733,5999756;0,00701899;-0,007610141;0,003259023;-0,017954037;0,002696873;0,002296139
733,2000122;0,007448993;-0,007098723;0,003618489;-0,017856214;0,002917862;0,002811287
732,7999878;0,006868405;-0,007950092;0,004139625;-0,018483352;0,003110465;0,002898421
732,4000244;0,008250648;-0,006927097;0,004705296;-0,016868867;0,002651136;0,002852064
732;0,008818558;-0,00650888;0,005164786;-0,017196624;0,00209383;0,002389572
731,5999756;0,008335212;-0,006109965;0,004619761;-0,017424721;0,002686272;0,001931395
731,2000122;0,009078976;-0,00517973;0,005538681;-0,016845658;0,002739957;0,003347472
730,7999878;0,009045407;-0,006041605;0,005742287;-0,016755607;0,003058924;0,003142352
730,4000244;0,009349732;-0,005069675;0,00592195;-0,016797995;0,003261005;0,003124205
730;0,009222027;-0,005130053;0,006146214;-0,017002856;0,003300937;0,003143395
729,5999756;0,010203295;-0,004802377;0,006176382;-0,016210316;0,00375957;0,003233621
729,2000122;0,010716452;-0,004954678;0,00701657;-0,016578339;0,003482516;0,003846555
728,7999878;0,010476637;-0,004723979;0,006545394;-0,016588604;0,004297477;0,003235681
728,4000244;0,011515928;-0,00435807;0,007435168;-0,016810099;0,003128403;0,002703932
728;0,011883812;-0,003521449;0,007441356;-0,01557509;0,004173444;0,003570724
727,5999756;0,013078247;-0,002338238;0,008676458;-0,014875554;0,004252225;0,003868571
727,2000122;0,013219553;-0,002962976;0,009110247;-0,014890112;0,00453257;0,003314579
726,7999878;0,013935114;-0,001819178;0,009042817;-0,014965296;0,004231757;0,003584113
726,4000244;0,013236766;-0,002676988;0,009264706;-0,015480529;0,004596791;0,003542694
726;0,013913864;-0,001455611;0,009722298;-0,014629292;0,004953492;0,003843368
725,5999756;0,014293578;-0,001486466;0,009369517;-0,014513195;0,004716496;0,004106959
725,2000122;0,015738266;-0,000567309;0,010383038;-0,014281558;0,00409865;0,003781373
724,7999878;0,015760463;-0,001052696;0,010414907;-0,013724421;0,004142396;0,003837362
724,4000244;0,016364466;-0,0002965;0,011517841;-0,013309789;0,004920214;0,004231731
724;0,016414251;0,000234668;0,011638485;-0,013356682;0,005183334;0,004927074
723,5999756;0,017572923;0,001418691;0,012901999;-0,013172997;0,006058322;0,004786398
723,2000122;0,018531876;0,001829742;0,013258863;-0,013023702;0,005065045;0,004146629
722,7999878;0,018825514;0,002474148;0,013463666;-0,012701579;0,004969358;0,004019296
722,4000244;0,019593436;0,00259465;0,014036861;-0,011616848;0,005936095;0,004559225
722;0,021125618;0,00408561;0,014568677;-0,011387998;0,005569646;0,004017101
721,5999756;0,021188727;0,004744524;0,015800031;-0,010509946;0,006063546;0,005863515
721,2000122;0,021875136;0,004393486;0,016332023;-0,010794158;0,006608862;0,005640052
720,7999878;0,022857398;0,004906522;0,016621917;-0,00991536;0,007336667;0,006218658
720,4000244;0,02241738;0,00597874;0,017396403;-0,010594987;0,00673935;0,006375822
720;0,02442071;0,007345329;0,01883203;-0,009322543;0,006995498;0,005432222
719,5999756;0,024985228;0,007705665;0,019183386;-0,009776179;0,007815423;0,006754126
719,2000122;0,02540192;0,007994181;0,019583687;-0,008205604;0,007484228;0,00665967
718,7999878;0,026400838;0,008320884;0,019637335;-0,00844741;0,00763321;0,006628969
718,4000244;0,027457206;0,009494434;0,020919427;-0,008208602;0,007841781;0,007416471
718;0,028028144;0,010119957;0,021976581;-0,007847702;0,007966945;0,006956935
717,5999756;0,030648483;0,010952525;0,023079772;-0,006969131;0,00734138;0,007059111
717,2000122;0,030872215;0,012033327;0,02370408;-0,006507554;0,008593227;0,006369885
716,7999878;0,03136972;0,012744375;0,024990985;-0,006436706;0,008511755;0,008070941
716,4000244;0,032428522;0,013594093;0,025262192;-0,005756258;0,008646222;0,007396802
716;0,033233669;0,014598392;0,025940619;-0,005175688;0,008670279;0,00771884
715,5999756;0,034714855;0,015344146;0,027123673;-0,004458672;0,009137872;0,008560092
715,2000122;0,036108717;0,016126294;0,027826736;-0,003942859;0,009868686;0,008531316
714,7999878;0,036691178;0,016341511;0,028819857;-0,003487246;0,009321696;0,008650658
714,4000244;0,037267737;0,017510716;0,029783729;-0,002741557;0,00975486;0,008919535
714;0,038839504;0,019080617;0,031837262;-0,001693725;0,010031442;0,00899379
713,5999756;0,039529145;0,019728616;0,032021478;-0,001773961;0,01032901;0,009350711
713,2000122;0,040794522;0,020921763;0,03314152;-0,00146784;0,010077776;0,009738419
712,7999878;0,042230517;0,021871543;0,034605566;-0,000494192;0,010685013;0,009751418
712,4000244;0,043783903;0,023492999;0,035999585;0,00063734;0,011808396;0,010567364
712;0,045234717;0,02419984;0,036748562;0,000768509;0,010831274;0,01065583
711,5999756;0,046366308;0,025255332;0,037586406;0,00152734;0,011634656;0,011310208
711,2000122;0,047691889;0,026123147;0,039218169;0,002306366;0,011723605;0,01136962
710,7999878;0,050062466;0,028500726;0,040645916;0,003702495;0,011864471;0,011463379
710,4000244;0,051058553;0,029410927;0,042178769;0,004338419;0,013013292;0,012273258
710;0,052074734;0,030319789;0,043012902;0,004544968;0,013191934;0,01315954
709,5999756;0,054029938;0,031530853;0,044332862;0,006084231;0,013631862;0,012707643
709,2000122;0,056153029;0,033052012;0,046636615;0,007337088;0,013683924;0,013352336
708,7999878;0,057035014;0,033569414;0,046823151;0,006970508;0,014132267;0,013826284
708,4000244;0,05904517;0,035504144;0,049095146;0,008515265;0,015066894;0,014746353
708;0,060277633;0,036936365;0,050259084;0,008531131;0,01503018;0,014831924
707,5999756;0,063745514;0,038615365;0,052519485;0,009740537;0,015941286;0,015888978
707,2000122;0,065081641;0,040279746;0,054504193;0,011480548;0,015666686;0,016269483
706,7999878;0,067211241;0,042123601;0,056384139;0,011768579;0,015699159;0,016135724
706,4000244;0,070384584;0,044236433;0,05847073;0,013597405;0,016618583;0,016703205
706;0,071919568;0,046032123;0,059979443;0,014441998;0,017285895;0,017807063
705,5999756;0,075395152;0,047861714;0,06193753;0,015583875;0,017837241;0,018729694
705,2000122;0,076874986;0,049173817;0,063882865;0,016627245;0,018644081;0,019471861
704,7999878;0,079800382;0,051606648;0,066449367;0,018162584;0,018985983;0,019788379
704,4000244;0,083625697;0,054370977;0,069730125;0,019952185;0,019684058;0,020823443
704;0,086610354;0,056315117;0,071801245;0,021250512;0,020439824;0,021406658
703,5999756;0,089795977;0,059399523;0,074812524;0,023159655;0,02098351;0,022469824
703,2000122;0,094183989;0,062080048;0,077478111;0,024776647;0,021439591;0,023290405
702,7999878;0,09667632;0,064758167;0,08033333;0,026032383;0,022872405;0,023717148
702,4000244;0,100827113;0,066807255;0,083503418;0,028383927;0,023677371;0,024992822
702;0,105044931;0,070536904;0,08666186;0,029797675;0,024491858;0,026218167
701,5999756;0,10976325;0,07410337;0,090466939;0,032602664;0,02541578;0,026815698
701,2000122;0,114278913;0,076412059;0,093833379;0,033976123;0,02635812;0,028310925
700,7999878;0,118960992;0,080153346;0,096702583;0,035849772;0,027757579;0,029754622
700,4000244;0,124122612;0,083978958;0,10195715;0,038469933;0,028590625;0,03079832
700;0,12885122;0,087697744;0,106160127;0,040814824;0,029873313;0,032270703
699,5999756;0,135550842;0,092103213;0,110270418;0,04369086;0,03142938;0,033712763
699,2000122;0,141797796;0,096488498;0,115056016;0,046036039;0,032377619;0,035267342
698,7999878;0,148580149;0,100612454;0,119545251;0,049422268;0,034101743;0,036632113
698,4000244;0,154704422;0,106066763;0,125659004;0,051863439;0,036171876;0,038924772
698;0,163418651;0,111532137;0,13162069;0,055801816;0,037464824;0,040337037
697,5999756;0,169972748;0,116057776;0,136643693;0,058689151;0,03954386;0,042059802
697,2000122;0,177812755;0,121951543;0,142335191;0,062257983;0,041125264;0,044276334
696,7999878;0,186914176;0,128402665;0,149376556;0,066535108;0,043484002;0,046473235
696,4000244;0,195780665;0,134044901;0,155954465;0,070013553;0,045599166;0,049153119
696;0,205253154;0,140876383;0,163340747;0,074804284;0,047655575;0,051170137
695,5999756;0,215452194;0,147589922;0,170456827;0,079182468;0,050113041;0,053706329
695,2000122;0,226177275;0,154017016;0,178050816;0,083569527;0,052486595;0,056289036
694,7999878;0,23672089;0,162893444;0,18673794;0,089422084;0,05557131;0,059756156
694,4000244;0,249367371;0,170350671;0,195269316;0,094747193;0,057986297;0,062775619
694;0,260881901;0,17838712;0,204294965;0,100338608;0,061838754;0,065914378
693,5999756;0,274262637;0,187511593;0,213673621;0,106390178;0,064402089;0,068592921
693,2000122;0,287843794;0,196684644;0,223799944;0,112251572;0,068386763;0,073324762
692,7999878;0,301725388;0,205751658;0,234007791;0,118756816;0,070991471;0,076359808
692,4000244;0,315849364;0,215274692;0,244215176;0,12537463;0,075646743;0,081061192
692;0,330528468;0,225476623;0,254848898;0,132884771;0,0793375;0,085067518
691,5999756;0,347122312;0,236318007;0,26578784;0,140977189;0,083448581;0,089212388
691,2000122;0,363112927;0,246629164;0,278020084;0,148359999;0,087705344;0,094298474
690,7999878;0,381038338;0,25830105;0,289990962;0,157469735;0,092296861;0,099336043
690,4000244;0,39815101;0,269857854;0,30221498;0,166306436;0,097086228;0,104466803
690;0,416448712;0,282309651;0,315458477;0,175802305;0,101774;0,110066548
689,5999756;0,435194731;0,294839472;0,328486234;0,185250372;0,106500953;0,115148641
689,2000122;0,453065246;0,306018263;0,341624767;0,194535404;0,112685613;0,120843716
688,7999878;0,471666008;0,31934616;0,355126441;0,204375058;0,117175408;0,126657963
688,4000244;0,491178036;0,332089365;0,36892271;0,215195745;0,12343134;0,13328509
688;0,508974969;0,344604522;0,382174403;0,225240797;0,12928851;0,138878256
687,5999756;0,527252555;0,356976509;0,395298332;0,236434624;0,134678826;0,145649627
687,2000122;0,546904624;0,369662523;0,408630699;0,247993842;0,140969634;0,151942402
686,7999878;0,564753115;0,382036567;0,42076543;0,258637428;0,147376955;0,159004271
686,4000244;0,580585301;0,393936396;0,432890058;0,269029409;0,153259546;0,164976746
686;0,596707046;0,404598296;0,444105059;0,280044049;0,15867649;0,172354087
685,5999756;0,612234473;0,415720612;0,455932319;0,290114969;0,164542958;0,178726941
685,2000122;0,626193106;0,426309884;0,466056138;0,300161988;0,169790089;0,184625045
684,7999878;0,639015555;0,435603827;0,476052672;0,309527904;0,174954161;0,190232694
684,4000244;0,651829481;0,445538193;0,485376626;0,319511712;0,179773197;0,195733666
684;0,663090289;0,454031706;0,49281019;0,32804358;0,185437635;0,201358572
683,5999756;0,673698783;0,461620778;0,50199759;0,336190879;0,190347835;0,20619382
683,2000122;0,682010293;0,468080223;0,50731951;0,343033195;0,194495261;0,21149835
682,7999878;0,689795792;0,473701447;0,513447225;0,350312144;0,198114738;0,215386689
682,4000244;0,697448671;0,479034901;0,519018114;0,356603861;0,201292113;0,219270349
682;0,702916205;0,483965069;0,522601247;0,361459643;0,204549238;0,222646922
681,5999756;0,708508372;0,487728864;0,526483178;0,36588487;0,206782371;0,225607634
681,2000122;0,712626994;0,49133727;0,529686511;0,370514244;0,209865987;0,228659347
680,7999878;0,716503561;0,494053304;0,53297466;0,373615444;0,211186633;0,23061721
680,4000244;0,719239235;0,495436549;0,534023762;0,376701504;0,21301356;0,231925398
680;0,721062064;0,497423559;0,535756409;0,378170312;0,213923544;0,233076572
679,5999756;0,724044979;0,4988904;0,536823213;0,379970342;0,214760855;0,234441876
679,2000122;0,724758506;0,498485118;0,537089109;0,381255627;0,215188816;0,235111341
678,7999878;0,724395216;0,49833402;0,536200106;0,381516278;0,215150327;0,235534251
678,4000244;0,725428045;0,499314457;0,536981821;0,381760925;0,215625808;0,236148804
678;0,724574029;0,498095483;0,537023187;0,380814761;0,214606971;0,235065222
677,5999756;0,725952387;0,497394145;0,53609097;0,380814433;0,213857502;0,235064909
677,2000122;0,725085199;0,496198595;0,535042465;0,380692363;0,213634551;0,234295651
676,7999878;0,723251998;0,494371742;0,533898532;0,379667401;0,213187814;0,233494178
676,4000244;0,722582936;0,493685424;0,532530725;0,378140867;0,212980419;0,233318105
676;0,722427726;0,491322875;0,530953586;0,377627611;0,211731494;0,232817918
675,5999756;0,720992148;0,490346134;0,530697465;0,375944138;0,210741386;0,231838897
675,2000122;0,721019983;0,48844114;0,529508174;0,375206381;0,209854782;0,230846196
674,7999878;0,718595028;0,486750513;0,52765578;0,373572111;0,208738908;0,229801968
674,4000244;0,717188776;0,484919637;0,526518643;0,372025639;0,207668811;0,229181141
674;0,715983987;0,482757598;0,525025964;0,370348185;0,206565306;0,227136597
673,5999756;0,713966072;0,480738491;0,523632348;0,368421435;0,205513433;0,226440147
673,2000122;0,712027371;0,47788015;0,520945668;0,366044402;0,20424889;0,225219578
672,7999878;0,70972389;0,475539774;0,518529832;0,364461005;0,202540875;0,223692223
672,4000244;0,708459139;0,473944485;0,517746389;0,362652749;0,201262116;0,222875416
672;0,705985785;0,471885562;0,515169084;0,360264987;0,200266734;0,220962867
671,5999756;0,703129411;0,46873793;0,513615131;0,357759446;0,19781448;0,21951741
671,2000122;0,70194751;0,46663323;0,511900902;0,3558788;0,196838856;0,2179396
670,7999878;0,697911799;0,462798327;0,507543266;0,352611959;0,195104942;0,215587869
670,4000244;0,695007682;0,460134029;0,505103946;0,349869579;0,193404079;0,214084804
670;0,692111075;0,456781179;0,501578867;0,346831352;0,191555917;0,212075412
669,5999756;0,689152598;0,452753216;0,4980492;0,34365797;0,189324141;0,209465921
669,2000122;0,685840368;0,450986356;0,495602459;0,340387255;0,187799826;0,207904592
668,7999878;0,682130516;0,447439849;0,492194861;0,337346166;0,185434729;0,205327317
668,4000244;0,677163899;0,444116175;0,488634497;0,333601236;0,183066592;0,202905536
668;0,673746944;0,440879703;0,485173762;0,330145538;0,180859774;0,200388715
667,5999756;0,670329213;0,437283158;0,481691361;0,327007353;0,178846851;0,197567374
667,2000122;0,665408373;0,433388442;0,477588028;0,322524011;0,176308826;0,194945872
666,7999878;0,660676479;0,430430472;0,473931611;0,318816721;0,173663974;0,192233697
666,4000244;0,656161308;0,425210446;0,468117058;0,314671785;0,171553522;0,189498544
666;0,651240349;0,421927065;0,464872301;0,310982913;0,169636384;0,186696827
665,5999756;0,646529496;0,418407589;0,460371435;0,30688405;0,167155385;0,183443531
665,2000122;0,64104867;0,414575785;0,456286252;0,303304195;0,164474681;0,180960521
664,7999878;0,636761367;0,410426587;0,451094359;0,298849315;0,162745103;0,177564114
664,4000244;0,631974995;0,406847805;0,447493702;0,295260549;0,159935296;0,174830362
664;0,627369165;0,403660446;0,442815512;0,291034281;0,158387378;0,172730595
663,5999756;0,622601152;0,399280667;0,438732594;0,287086785;0,155825898;0,169572428
663,2000122;0,617770135;0,395784915;0,434287667;0,283413172;0,15361014;0,16722244
662,7999878;0,611971617;0,39201209;0,429499388;0,279024273;0,150923565;0,164175376
662,4000244;0,608572304;0,389083952;0,425559342;0,27542907;0,148640245;0,160900682
662;0,602595568;0,38597545;0,421042442;0,271836549;0,146354944;0,158276483
661,5999756;0,59888041;0,382342488;0,417239726;0,268169075;0,145097882;0,156013683
661,2000122;0,594578147;0,379441559;0,413228244;0,264918536;0,14282769;0,153519154
660,7999878;0,590107918;0,376452863;0,409341067;0,261357129;0,141050011;0,151365399
660,4000244;0,586560905;0,374141336;0,405924946;0,258681178;0,139746964;0,148770899
660;0,582872689;0,371155739;0,402517289;0,255319119;0,137759551;0,146963015
659,5999756;0,57919246;0,368248731;0,399003595;0,252107501;0,136578068;0,144933671
659,2000122;0,575449467;0,365448892;0,394937486;0,249548644;0,134774461;0,142795891
658,7999878;0,572442651;0,363697588;0,393167794;0,247182027;0,133963421;0,140835464
658,4000244;0,569973528;0,361731738;0,390343159;0,244772241;0,132180333;0,139002651
658;0,567491233;0,359755516;0,387866497;0,242700264;0,131750152;0,13732253
657,5999756;0,5637936;0,357457429;0,385961324;0,240636021;0,130144626;0,135187164
657,2000122;0,5623312;0,35577938;0,38331148;0,238884792;0,129270911;0,134159491
656,7999878;0,559869826;0,353554785;0,38173756;0,236720488;0,128776476;0,132880449
656,4000244;0,558234632;0,352430403;0,380547136;0,23580268;0,128262684;0,131794885
656;0,55682832;0,350837499;0,37903291;0,233945936;0,127525523;0,130829528
655,5999756;0,555036128;0,348823011;0,378001124;0,233097374;0,127287582;0,129476592
655,2000122;0,553901136;0,347636342;0,377219945;0,232373014;0,126450896;0,128935367
654,7999878;0,552321672;0,346202612;0,376123369;0,231211141;0,126282916;0,127979115
654,4000244;0,551179171;0,344086647;0,374965936;0,229937196;0,125267789;0,12676917
654;0,549764633;0,343165785;0,373823136;0,229137704;0,125495434;0,126079038
653,5999756;0,548614144;0,341719151;0,373843163;0,228805706;0,124940947;0,125410467
653,2000122;0,547222197;0,339974433;0,373046488;0,22785975;0,124887176;0,125106648
652,7999878;0,545976281;0,338791132;0,372309029;0,226920873;0,124231316;0,124048829
652,4000244;0,545004964;0,337312281;0,371784002;0,226392582;0,124063261;0,123231381
652;0,543263674;0,336187005;0,37119782;0,22541219;0,123327725;0,123050585
651,5999756;0,541942596;0,334503412;0,370093972;0,224605784;0,123261705;0,121918775
651,2000122;0,539705217;0,332988203;0,369208366;0,223918706;0,122725822;0,121095263
650,7999878;0,537234306;0,330980212;0,368271589;0,22267507;0,121914007;0,120839305
650,4000244;0,535061538;0,328825891;0,366399169;0,221788719;0,121260122;0,120010264
650;0,532835543;0,326853216;0,365109086;0,220718563;0,120424911;0,119066298
649,5999756;0,529872894;0,324557364;0,363400668;0,219278112;0,11981225;0,118255653
649,2000122;0,526360691;0,322008461;0,361042827;0,21734044;0,119034872;0,117179714
648,7999878;0,522127092;0,319091082;0,35858193;0,215488881;0,11804077;0,116163939
648,4000244;0,518795133;0,316746682;0,356467277;0,213810399;0,116475776;0,114950195
648;0,51455617;0,313407689;0,353397638;0,211617664;0,115667917;0,114216141
647,5999756;0,510211349;0,310472727;0,350021154;0,209461808;0,114248976;0,112666123
647,2000122;0,505017996;0,307336927;0,347164601;0,207230195;0,113060914;0,111580499
646,7999878;0,500064373;0,303687543;0,343455851;0,204214379;0,111617185;0,110325582
646,4000244;0,495054007;0,300870985;0,340479016;0,201905698;0,109908626;0,108611509
646;0,489634961;0,297438711;0,337108582;0,199247107;0,10870523;0,107535832
645,5999756;0,483344585;0,294244409;0,334055692;0,196625695;0,107087158;0,106304005
645,2000122;0,478625357;0,291197181;0,33034116;0,194212109;0,106263235;0,105622113
644,7999878;0,472872764;0,287571669;0,326835513;0,191100597;0,10431432;0,10397429
644,4000244;0,466699839;0,284023911;0,323003054;0,188104019;0,102665111;0,102190852
644;0,461492121;0,281279534;0,31987682;0,18553862;0,101570584;0,101197235
643,5999756;0,455981106;0,27807194;0,315718949;0,182863861;0,099983096;0,099615864
643,2000122;0,450112611;0,274986237;0,311968207;0,179528981;0,09912248;0,098648034
642,7999878;0,444778025;0,271843076;0,308880866;0,177216023;0,09776894;0,097657427
642,4000244;0,439168453;0,268721193;0,305218756;0,174621582;0,096534178;0,096877135
642;0,434119016;0,26628378;0,302224368;0,17208077;0,094516374;0,095042601
641,5999756;0,428846419;0,263520509;0,299107254;0,169639319;0,093727946;0,094121255
641,2000122;0,423616886;0,260954291;0,295815319;0,167270958;0,092614062;0,092900172
640,7999878;0,418690503;0,258214623;0,292460859;0,164997742;0,091593921;0,092097037
640,4000244;0,414080113;0,255209684;0,289407134;0,162751168;0,090024561;0,091046572
640;0,409849137;0,253306121;0,28647694;0,160421759;0,089267768;0,090229742
639,5999756;0,404288054;0,250286967;0,283615261;0,157926634;0,088033438;0,089328811
639,2000122;0,400794208;0,248637587;0,280826598;0,156302318;0,08692655;0,088520512
638,7999878;0,39624697;0,24572672;0,278041065;0,154052258;0,086022943;0,087540708
638,4000244;0,391833037;0,243739352;0,27507782;0,151936889;0,085180067;0,086616643
638;0,388097465;0,241787046;0,273136973;0,150485098;0,084103324;0,085795164
637,5999756;0,384502113;0,239758104;0,270340502;0,148818567;0,083450869;0,085627563
637,2000122;0,3809129;0,237752453;0,268151611;0,146992788;0,082455263;0,084346905
636,7999878;0,377491057;0,235910162;0,266140014;0,145832509;0,081588693;0,083791308
636,4000244;0,374847055;0,234127417;0,264126122;0,144542828;0,080806598;0,083173931
636;0,372239977;0,232616052;0,262109757;0,143330678;0,080207616;0,082897134
635,5999756;0,369443893;0,230845317;0,260116607;0,14182356;0,07946679;0,082338631
635,2000122;0,367378861;0,229622379;0,25903073;0,141191691;0,078887932;0,081664324
634,7999878;0,36523965;0,228723988;0,257362574;0,140308648;0,078423694;0,081576325
634,4000244;0,363634139;0,227917761;0,256020635;0,139453724;0,077870257;0,081145808
634;0,361607671;0,226580173;0,254665166;0,138260901;0,078228541;0,081417806
633,5999756;0,360752016;0,225977212;0,254114509;0,138133645;0,077343293;0,080447406
633,2000122;0,35899654;0,224824965;0,253085077;0,136993408;0,077387467;0,080844767
632,7999878;0,357993901;0,224389479;0,251894385;0,136891142;0,077008955;0,08055231
632,4000244;0,357519358;0,22431241;0,251552135;0,13635619;0,07634256;0,080161661
632;0,356392056;0,223254234;0,250649452;0,13610974;0,076396383;0,080053918
631,5999756;0,355365962;0,222786248;0,250187814;0,135940895;0,076327406;0,080007486
631,2000122;0,355895847;0,222709045;0,249912217;0,135899156;0,075863861;0,08001402
630,7999878;0,355428338;0,222632885;0,249842778;0,135686085;0,07599508;0,079426259
630,4000244;0,355366409;0,222257152;0,249512777;0,135733813;0,076255448;0,07962805
630;0,35496825;0,221947759;0,249551043;0,135144338;0,075873941;0,079252116
629,5999756;0,354514152;0,221633852;0,248871133;0,135172755;0,075762704;0,079668224
629,2000122;0,354543358;0,221895635;0,248966053;0,135540843;0,075178631;0,079229005
628,7999878;0,355091065;0,222017199;0,249181896;0,135655344;0,075412422;0,079154141
628,4000244;0,35542506;0,221889898;0,249378994;0,135650948;0,075785168;0,079510152
628;0,354689568;0,222001448;0,249013856;0,135371566;0,075878322;0,079141311
627,5999756;0,355046272;0,22197257;0,249387413;0,135305643;0,075727537;0,079493053
627,2000122;0,355560809;0,221638203;0,249214053;0,135382697;0,075910352;0,079270758
626,7999878;0,354789764;0,221626729;0,24901624;0,135060877;0,075429641;0,079086274
626,4000244;0,355240047;0,221686065;0,248995811;0,135267705;0,075083137;0,079282038
626;0,355332762;0,221663043;0,249681473;0,135321647;0,0751068;0,078835286
625,5999756;0,354868978;0,220956534;0,248824954;0,134856239;0,075408362;0,07912156
625,2000122;0,355056167;0,221158207;0,248932749;0,134695664;0,075553797;0,079112925
624,7999878;0,354658693;0,22092253;0,248465642;0,134883106;0,075326853;0,079110935
624,4000244;0,35462001;0,220735207;0,248066932;0,134618551;0,075593844;0,07898467
624;0,354495704;0,220157102;0,248179317;0,134428546;0,074943393;0,078262545
623,5999756;0,354119927;0,220291808;0,248169512;0,134470806;0,075055167;0,078246303
623,2000122;0,353468269;0,219722241;0,247630179;0,133944213;0,075348318;0,07833685
622,7999878;0,353473187;0,219331086;0,247386321;0,133862883;0,074757114;0,077769868
622,4000244;0,352566809;0,218494594;0,246689007;0,133324355;0,07464505;0,07783059
622;0,351592273;0,217833072;0,245381624;0,132798865;0,07440903;0,077442534
621,5999756;0,351406157;0,217885047;0,245827138;0,13271752;0,074445039;0,077165283
621,2000122;0,350931436;0,217839956;0,244687006;0,13239409;0,073919229;0,077110589
620,7999878;0,349344045;0,217004925;0,244653493;0,131858781;0,073824286;0,077015691
620,4000244;0,348687917;0,216337219;0,243741438;0,131366298;0,073510028;0,076468058
620;0,348422468;0,215313584;0,243152931;0,131030366;0,073170207;0,07607881
619,5999756;0,346570879;0,214424729;0,242170751;0,129430741;0,07307227;0,07584472
619,2000122;0,345726967;0,213993743;0,241054371;0,129585773;0,072717361;0,075401738
618,7999878;0,345328897;0,213427842;0,240681782;0,129236564;0,072258018;0,075191341
618,4000244;0,343862176;0,212483764;0,239716381;0,12835528;0,071987972;0,074911468
618;0,342590749;0,211580083;0,238695696;0,127786085;0,07148274;0,074506156
617,5999756;0,341750681;0,21053268;0,237939969;0,126981065;0,071532182;0,074648373
617,2000122;0,340163559;0,210257947;0,236935601;0,126388624;0,070744082;0,073949739
616,7999878;0,338880777;0,209197938;0,235927671;0,125491872;0,070724674;0,073207155
616,4000244;0,337853104;0,208229646;0,234847873;0,125004381;0,070105083;0,072776742
616;0,336456537;0,206955642;0,233850315;0,124228455;0,070291266;0,072993807
615,5999756;0,335125148;0,206166476;0,233375296;0,123541489;0,069634423;0,072224453
615,2000122;0,333845913;0,204954639;0,231401578;0,122212268;0,069345318;0,071252607
614,7999878;0,332588345;0,204854682;0,230979979;0,122066014;0,068615258;0,07108546
614,4000244;0,330909342;0,203153879;0,229041189;0,121168688;0,068753317;0,070680201
614;0,329878509;0,202518046;0,22881943;0,120380372;0,068193249;0,070077524
613,5999756;0,328564346;0,201677635;0,227868095;0,11960692;0,067849413;0,070081353
613,2000122;0,327549398;0,200986028;0,226524219;0,119209953;0,067336179;0,069719978
612,7999878;0,326694757;0,200368598;0,225891724;0,118516177;0,067499593;0,068897657
612,4000244;0,3244268;0,198857144;0,224617675;0,117120355;0,066997856;0,06853693
612;0,324324399;0,198788449;0,223651633;0,117025822;0,066613927;0,067853436
611,5999756;0,322615534;0,197477952;0,222937733;0,116256893;0,066376917;0,067698516
611,2000122;0,321284294;0,19667834;0,221837685;0,114879064;0,065920345;0,067462884
610,7999878;0,319858253;0,195195586;0,220856801;0,11438784;0,065922454;0,06673912
610,4000244;0,318949789;0,194905251;0,219960496;0,113821141;0,065020032;0,066374384
610;0,317767888;0,194293723;0,219171032;0,113411568;0,065216348;0,065888681
609,5999756;0,316901416;0,193352312;0,218249917;0,112518981;0,06464652;0,065512978
609,2000122;0,315757901;0,192856655;0,217527628;0,112188593;0,064566828;0,065108046
608,7999878;0,314897716;0,191622064;0,216871917;0,111295067;0,064197287;0,064618558
608,4000244;0,313710958;0,191096216;0,215436548;0,110747144;0,063829608;0,064173333
608;0,313144267;0,190955788;0,215259656;0,110113382;0,063487388;0,064180002
607,5999756;0,311822683;0,190264747;0,214309424;0,109985948;0,063344672;0,063669041
607,2000122;0,31019786;0,189471841;0,213146791;0,108880214;0,063336678;0,063357703
606,7999878;0,309033245;0,188274771;0,212559894;0,108030878;0,062819086;0,063128486
606,4000244;0,308074147;0,187655255;0,211539626;0,107683316;0,062520191;0,062835567
606;0,30748719;0,187006742;0,211376444;0,10731674;0,062377114;0,06240413
605,5999756;0,306099951;0,186609313;0,210477755;0,106682964;0,062040269;0,062088467
605,2000122;0,305212349;0,185635254;0,209211856;0,105893798;0,061781272;0,061660305
604,7999878;0,304730892;0,185293645;0,209652513;0,105859742;0,061564576;0,061539102
604,4000244;0,303497315;0,18480815;0,208640873;0,105237313;0,061502419;0,061392173
604;0,303213775;0,184190497;0,208156347;0,104876787;0,061615884;0,061101232
603,5999756;0,302128792;0,183960438;0,20776403;0,104580343;0,061009854;0,060939793
603,2000122;0,301343471;0,183540821;0,206744999;0,104056977;0,061110049;0,060592487
602,7999878;0,300736398;0,183232591;0,206525743;0,103706233;0,060654931;0,060257677
602,4000244;0,299731731;0,18273145;0,20596458;0,103205718;0,060816202;0,060323317
602;0,299493641;0,182495341;0,205811322;0,103156179;0,060458489;0,059879892
601,5999756;0,298386097;0,181629986;0,205181405;0,1025052;0,060289677;0,059649263
601,2000122;0,297714621;0,181575686;0,205052093;0,102671407;0,060403451;0,059485663
600,7999878;0,296866328;0,181127876;0,20459874;0,102327682;0,059888717;0,05938495
600,4000244;0,296311021;0,180644587;0,203914598;0,101710364;0,060171295;0,059376877
600;0,295799881;0,180612057;0,203858256;0,101408944;0,059972011;0,059256192
599,5999756;0,294926107;0,180313736;0,202864274;0,101054028;0,059549849;0,058875721
599,2000122;0,294517607;0,180515826;0,203320041;0,101388775;0,059598334;0,058609713
598,7999878;0,293859959;0,179689556;0,202489659;0,10055352;0,059324764;0,058459923
598,4000244;0,293471187;0,179449305;0,202333465;0,100509733;0,059174638;0,058579229
598;0,292599559;0,179278418;0,20184125;0,100424029;0,059337109;0,058635697
597,5999756;0,291875005;0,178687528;0,20156464;0,099675387;0,058874268;0,057875551
597,2000122;0,291129708;0,177702874;0,200617835;0,099015877;0,058761902;0,058167327
596,7999878;0,29034707;0,177728996;0,200719982;0,099192962;0,059157789;0,058552984
596,4000244;0,289836466;0,177975699;0,200962469;0,099003948;0,058297567;0,058092128
596;0,288990349;0,177558973;0,199657142;0,098776147;0,05844529;0,057983071
595,5999756;0,288115025;0,177046984;0,198996782;0,09808173;0,058367383;0,057810489
595,2000122;0,287649781;0,177011773;0,198961243;0,098614186;0,058084704;0,057270817
594,7999878;0,287095338;0,176199988;0,198594555;0,097641483;0,057933345;0,057501603
594,4000244;0,285823643;0,175779328;0,19776696;0,097384334;0,058145043;0,057558019
594;0,285058558;0,175687924;0,197935939;0,096847594;0,057533756;0,057439107
593,5999756;0,284606457;0,174925298;0,197105065;0,09708254;0,057944704;0,057603359
593,2000122;0,284065783;0,1744508;0,196806446;0,097129896;0,057546847;0,0574059
592,7999878;0,282508403;0,173465401;0,196094647;0,096004389;0,057299759;0,057043072
592,4000244;0,282031119;0,17304638;0,19515042;0,095329605;0,056867585;0,056750398
592;0,280569047;0,173057526;0,195105523;0,095223032;0,056875642;0,056855105
591,5999756;0,280306011;0,172748894;0,194398806;0,094975494;0,056614693;0,056335684
591,2000122;0,278893471;0,171926379;0,19329378;0,094543949;0,056299791;0,056039542
590,7999878;0,278104216;0,171393827;0,193185732;0,094593354;0,056253735;0,056055769
590,4000244;0,276831716;0,170584947;0,191940263;0,093240969;0,055951815;0,055929054
590;0,276227176;0,169989049;0,191724688;0,093262084;0,05609677;0,055842411
589,5999756;0,274640679;0,169450149;0,191130132;0,092861377;0,055605382;0,055014905
589,2000122;0,274107814;0,16950044;0,190839484;0,092826471;0,055288211;0,055615943
588,7999878;0,272535414;0,168317333;0,189339161;0,091947556;0,055530921;0,055679649
588,4000244;0,271589965;0,167873457;0,189096183;0,091903888;0,054763965;0,054758299
588;0,269824565;0,166075647;0,187537387;0,090069726;0,054296203;0,054555818
587,5999756;0,269589394;0,16615507;0,187191933;0,089997172;0,054538298;0,054439694
587,2000122;0,268170178;0,165803626;0,18641068;0,089852005;0,05389332;0,053986378
586,7999878;0,266837001;0,164633289;0,185622543;0,089078896;0,054141175;0,053928342
586,4000244;0,265980899;0,164954066;0,185479373;0,088936865;0,053613041;0,053467095
586;0,264515281;0,163264394;0,184037387;0,088153131;0,053370375;0,053267762
585,5999756;0,263392746;0,163026393;0,183400258;0,087632202;0,05296417;0,052766908
585,2000122;0,261753708;0,162268221;0,182313174;0,087241746;0,052599803;0,05248598
584,7999878;0,2606996;0,16160506;0,181066796;0,086326748;0,052581396;0,052374642
584,4000244;0,260069639;0,161070526;0,180952787;0,086132139;0,05232859;0,052508589
584;0,258377314;0,159770727;0,179775268;0,085510358;0,051974587;0,052048966
583,5999756;0,257176787;0,159017488;0,179258511;0,085064277;0,051881466;0,051530886
583,2000122;0,255687088;0,158963546;0,178527832;0,084234387;0,05164507;0,051519811
582,7999878;0,25537771;0,158061534;0,177591354;0,083995387;0,050926507;0,050802007
582,4000244;0,253331214;0,156625763;0,176614583;0,08308892;0,050756704;0,050869256
582;0,252175719;0,156121284;0,175218582;0,082750693;0,050496873;0,050574549
581,5999756;0,250265956;0,154533953;0,173868895;0,080806538;0,050463986;0,050316017
581,2000122;0,249038205;0,154044583;0,173450261;0,081328422;0,050079457;0,049755499
580,7999878;0,247941837;0,153295323;0,171801016;0,080019467;0,049295124;0,049358893
580,4000244;0,246518731;0,152573422;0,171557412;0,079804614;0,049658932;0,049578436
580;0,245187417;0,151552141;0,170448855;0,079060808;0,049388245;0,049206402
579,5999756;0,243854925;0,151100576;0,170205399;0,078585252;0,048418719;0,048493534
579,2000122;0,242263272;0,150576219;0,168888852;0,078073405;0,048552148;0,048883699
578,7999878;0,240549207;0,148984775;0,167516291;0,076620422;0,048319761;0,04790929
578,4000244;0,239931956;0,147899404;0,16676718;0,076357961;0,047825992;0,047504779
578;0,237958416;0,14735046;0,165782213;0,076085962;0,047118414;0,047132466
577,5999756;0,237465292;0,146095887;0,164899766;0,0757121;0,046619266;0,046982512
577,2000122;0,234940738;0,145397455;0,163600087;0,074084796;0,046772815;0,046401504
576,7999878;0,23331593;0,144227982;0,162380248;0,074256085;0,046590794;0,046526592
576,4000244;0,231710017;0,143232748;0,161506668;0,073406994;0,045895036;0,045817416
576;0,230065823;0,142242014;0,15989396;0,071984671;0,046064358;0,045931492
575,5999756;0,229011133;0,14111653;0,158829376;0,071399979;0,045956753;0,045397319
575,2000122;0,225398883;0,139245182;0,15706256;0,070135318;0,045066837;0,044810303
574,7999878;0,224259481;0,138218552;0,156318575;0,070196807;0,044927068;0,044896927
574,4000244;0,222980991;0,137248054;0,154835701;0,068818733;0,044796471;0,043945901
574;0,221646443;0,136415869;0,154494524;0,068198852;0,043991189;0,043617468
573,5999756;0,220295638;0,136276111;0,153985605;0,067803539;0,043050002;0,043306932
573,2000122;0,21820876;0,135001645;0,15200448;0,066420652;0,043028794;0,042882651
572,7999878;0,216871709;0,133361384;0,15042232;0,065989979;0,0424603;0,042302161
572,4000244;0,215251237;0,132650018;0,149389193;0,064877234;0,042156804;0,042130448
572;0,21288228;0,130886078;0,148174658;0,064355344;0,041735299;0,041480526
571,5999756;0,210472867;0,129723981;0,146526665;0,062692985;0,041904349;0,041493997
571,2000122;0,208985031;0,128887504;0,145018935;0,062596582;0,04135241;0,041195985
570,7999878;0,207784653;0,127998054;0,144645363;0,062032059;0,040409818;0,040472411
570,4000244;0,205782563;0,126996428;0,142875776;0,0605435;0,040335417;0,040310677
570;0,203416914;0,125326201;0,142339751;0,060255121;0,040147558;0,0393348
569,5999756;0,201981366;0,124537826;0,140671492;0,058945745;0,039329529;0,039260555
569,2000122;0,199868769;0,123137154;0,139251784;0,057396684;0,039738718;0,039415237
568,7999878;0,198454067;0,121994048;0,137968913;0,057228614;0,03871024;0,038416736
568,4000244;0,19635579;0,121055037;0,136805266;0,056724586;0,03837163;0,038050663
568;0,19482331;0,120457843;0,135813579;0,055859983;0,038237363;0,038099095
567,5999756;0,192813426;0,118285492;0,134238228;0,054429688;0,037018277;0,036588941
567,2000122;0,191167474;0,117303722;0,132705852;0,054048728;0,037717026;0,037773021
566,7999878;0,189500958;0,116853923;0,132186651;0,053526092;0,037057459;0,036651772
566,4000244;0,188194752;0,11571049;0,130531028;0,052360594;0,036743939;0,036245003
566;0,18650195;0,114845946;0,129608214;0,05178288;0,036620285;0,036152996
565,5999756;0,184657633;0,113964446;0,128301755;0,051051158;0,035908084;0,035541281
565,2000122;0,182923824;0,113045499;0,127617791;0,050048813;0,035810415;0,035509761
564,7999878;0,181642532;0,111905307;0,126481623;0,049789231;0,035303451;0,035121176
564,4000244;0,179798842;0,111135885;0,125279799;0,049569614;0,035110231;0,034933817
564;0,179003999;0,110023297;0,124646671;0,048346814;0,034920912;0,034482155
563,5999756;0,177138284;0,10978891;0,123494119;0,047802266;0,03456806;0,034199364
563,2000122;0,176363826;0,108890265;0,12275824;0,04722726;0,034209277;0,033577692
562,7999878;0,174777672;0,107565343;0,121414878;0,046866059;0,034004033;0,033732962
562,4000244;0,174410999;0,107580863;0,12061771;0,046308216;0,034369145;0,033531774
562;0,172843844;0,106991604;0,120059207;0,045651384;0,033798546;0,033566337
561,5999756;0,171379149;0,106063224;0,119149186;0,044858865;0,033068046;0,032792844
561,2000122;0,170950934;0,105757751;0,118553177;0,045007918;0,033187144;0,033115815
560,7999878;0,169990704;0,104877904;0,117990427;0,04419012;0,032700647;0,032655712
560,4000244;0,168510929;0,104881302;0,117663384;0,044247326;0,032544237;0,032559276
560;0,168040931;0,103993461;0,11677926;0,043508153;0,032481018;0,032381024
559,5999756;0,167909533;0,103878662;0,116797186;0,043483287;0,031934012;0,032126714
559,2000122;0,166526377;0,103817932;0,116025075;0,042752124;0,032368138;0,031434916
558,7999878;0,166282937;0,103612803;0,115821295;0,042660072;0,032072503;0,032044161
558,4000244;0,16523926;0,102613308;0,114947394;0,042221759;0,032458704;0,032348838
558;0,165244937;0,103002615;0,115348049;0,042119153;0,031798739;0,032199137
557,5999756;0,165046081;0,102841459;0,114638135;0,041840553;0,032082397;0,031517826
557,2000122;0,164094567;0,102285549;0,114157826;0,041740343;0,031651538;0,031577814
556,7999878;0,164083019;0,10244371;0,114366725;0,041369781;0,031576421;0,03138566
556,4000244;0,163342223;0,102140084;0,114240527;0,04079219;0,03138455;0,031410623
556;0,163261756;0,102462031;0,113346703;0,040908191;0,031880688;0,031666517
555,5999756;0,162949204;0,102359854;0,114216782;0,04091078;0,031601451;0,03149144
555,2000122;0,16267395;0,101739153;0,113465317;0,041061666;0,031511817;0,031872611
554,7999878;0,16248481;0,10207957;0,11355561;0,040614165;0,031895678;0,031466335
554,4000244;0,162330851;0,102073737;0,11312715;0,040243566;0,032019053;0,032147005
554;0,16209881;0,101788692;0,1134912;0,040372007;0,031918716;0,03177448
553,5999756;0,162417904;0,102615573;0,113572627;0,041099738;0,031490967;0,031381626
553,2000122;0,162144944;0,101936035;0,113240488;0,040443968;0,031318579;0,031784564
552,7999878;0,162187591;0,102476224;0,113458663;0,040145285;0,031614285;0,031701516
552,4000244;0,161717325;0,101652749;0,113422126;0,040378284;0,031633772;0,031703077
552;0,16235967;0,102533057;0,113199942;0,040162493;0,03209547;0,031875119
551,5999756;0,161839381;0,102318898;0,113235518;0,04031352;0,031477191;0,031136384
551,2000122;0,162290067;0,102582589;0,113489717;0,039673086;0,031558689;0,031513624
550,7999878;0,162100986;0,103073068;0,113584764;0,040805925;0,03156618;0,031460021
550,4000244;0,162107796;0,102978692;0,113588192;0,040266767;0,031395178;0,032032344
550;0,162766382;0,103161596;0,114402495;0,040833678;0,031567458;0,031924874
549,5999756;0,162184045;0,103366517;0,11393483;0,040241491;0,031758912;0,032400992
549,2000122;0,162367791;0,102888301;0,113898456;0,040332038;0,031924319;0,031797431
548,7999878;0,163129419;0,104504079;0,114655495;0,041096326;0,031862583;0,032229774
548,4000244;0,163171485;0,104081087;0,114782423;0,040850654;0,031938024;0,032204293
548;0,163496986;0,104333542;0,115167737;0,041237228;0,031775426;0,032473069
547,5999756;0,163572133;0,104760759;0,114867128;0,04102505;0,031871803;0,031887989
547,2000122;0,163480058;0,104589038;0,11526683;0,040751018;0,03180718;0,032579727
546,7999878;0,163275525;0,104387134;0,115238816;0,04098431;0,032046866;0,032250937
546,4000244;0,16393131;0,105700985;0,115561299;0,041327953;0,03266054;0,032906227
546;0,164321259;0,105642781;0,115624271;0,041324481;0,032100488;0,032145947
545,5999756;0,164232865;0,105787143;0,116022945;0,041202988;0,032318749;0,032505039
545,2000122;0,164565116;0,106134675;0,115820184;0,041563667;0,032321483;0,032418117
544,7999878;0,163907304;0,106118716;0,115841039;0,041542616;0,032534108;0,032538239
544,4000244;0,164188668;0,105517276;0,116198912;0,041301619;0,032450084;0,032654457
544;0,164609537;0,106181875;0,116557524;0,041516725;0,032488246;0,032318916
543,5999756;0,164661512;0,105879158;0,116331436;0,041649275;0,032292258;0,033092741
543,2000122;0,164702803;0,106464297;0,116350822;0,041666541;0,032436918;0,032948475
542,7999878;0,164905369;0,107171372;0,117088832;0,04170404;0,032438342;0,032719906
542,4000244;0,164766729;0,106779374;0,116617046;0,041849617;0,032644186;0,032916922
542;0,165244743;0,10688746;0,116627306;0,041087646;0,03252906;0,033230539
541,5999756;0,165474042;0,107295893;0,116764262;0,041883282;0,032313172;0,03272102
541,2000122;0,165193126;0,107390486;0,117239833;0,041471239;0,032730233;0,033065617
540,7999878;0,165526867;0,107762039;0,117280491;0,0420462;0,032189518;0,03310978
540,4000244;0,165701032;0,107639037;0,117987268;0,042051304;0,032764036;0,032994643
540;0,165379509;0,107821159;0,116955772;0,042082448;0,032690153;0,032670002
539,5999756;0,165364698;0,108628131;0,117732868;0,0427301;0,032968249;0,03294725
539,2000122;0,165890396;0,108310953;0,117951706;0,042372819;0,033048213;0,033471741
538,7999878;0,166009545;0,10799028;0,118404239;0,042463638;0,032726102;0,033403356
538,4000244;0,166501001;0,108354367;0,118259288;0,042704966;0,032710638;0,03314437
538;0,166683197;0,109364808;0,11899446;0,043097913;0,033085924;0,033106625
537,5999756;0,167157054;0,109266393;0,118965112;0,043057151;0,033380207;0,033719704
537,2000122;0,167844564;0,10942775;0,119889036;0,043350205;0,033107631;0,033428989
536,7999878;0,167566121;0,110090263;0,119440064;0,043345172;0,0333432;0,033695504
536,4000244;0,167656973;0,110246092;0,120129004;0,043279588;0,033810969;0,033428542
536;0,168723181;0,110623233;0,12047144;0,043854859;0,033694163;0,033945806
535,5999756;0,168726414;0,110551573;0,120642006;0,043744076;0,03374894;0,034110785
535,2000122;0,168462589;0,110993475;0,121152848;0,043523718;0,034025475;0,03406439
534,7999878;0,169366866;0,111768164;0,122272469;0,044462375;0,034576163;0,034204993
534,4000244;0,169813767;0,111909725;0,12218751;0,044195965;0,034696795;0,034754224
534;0,170386002;0,112875909;0,123016566;0,044702638;0,034769647;0,034734789
533,5999756;0,171422169;0,112779111;0,123583704;0,044883121;0,034540787;0,034777667
533,2000122;0,172217056;0,113597609;0,124241583;0,045511339;0,034636069;0,034721136
532,7999878;0,172610477;0,114236482;0,124856941;0,04547653;0,034933567;0,034945097
532,4000244;0,173799217;0,114783064;0,125711277;0,045897681;0,035743121;0,035235252
532;0,174220845;0,115527429;0,126821727;0,046614654;0,035202492;0,035123393
531,5999756;0,175354049;0,11636246;0,127410963;0,047105432;0,035392072;0,03501207
531,2000122;0,176564395;0,116788209;0,128309846;0,047935043;0,035962887;0,035819437
530,7999878;0,177254528;0,117060527;0,129147306;0,048417941;0,036153026;0,035572942
530,4000244;0,17852518;0,11880932;0,130301803;0,04883958;0,036096875;0,036481377
530;0,179965988;0,119342029;0,131086081;0,04940147;0,036411505;0,036849707
529,5999756;0,181211442;0,120279595;0,132236496;0,050324243;0,037452381;0,037196271
529,2000122;0,182691589;0,121602289;0,134381875;0,051442377;0,037905648;0,037359528
528,7999878;0,184297517;0,12225686;0,135426685;0,051587552;0,038136795;0,037675496
528,4000244;0,184835807;0,123278655;0,135756314;0,05211781;0,038391992;0,038319323
528;0,186876163;0,124298103;0,137037277;0,052325405;0,038238917;0,038287714
527,5999756;0,189120874;0,125902563;0,138877258;0,053900354;0,038679395;0,038790192
527,2000122;0,190394908;0,12725015;0,141050249;0,05497662;0,039610069;0,039618406
526,7999878;0,192818269;0,128415719;0,142595977;0,055736829;0,039949421;0,039618973
526,4000244;0,194895834;0,129847124;0,144258902;0,056784559;0,040345047;0,039885286
526;0,19670032;0,131286264;0,146430045;0,057994433;0,041097634;0,040980585
525,5999756;0,199692309;0,133001775;0,148589477;0,059309393;0,041375615;0,041476537
525,2000122;0,202456117;0,135246292;0,150846511;0,060999636;0,042529467;0,041670531
524,7999878;0,20342043;0,136596993;0,151487783;0,061084636;0,043141078;0,04262723
524,4000244;0,206489936;0,137951836;0,15425013;0,062614217;0,043310076;0,043142766
524;0,209765077;0,140037715;0,156741843;0,064509645;0,043802828;0,043768298
523,5999756;0,212508798;0,14226076;0,159205794;0,06564758;0,044741116;0,04442418
523,2000122;0,215136141;0,144215062;0,161344424;0,06699653;0,045794521;0,04575434
522,7999878;0,218934193;0,146490514;0,164544359;0,06894438;0,046293441;0,046312537
522,4000244;0,221708283;0,148183063;0,166867912;0,070333116;0,046492565;0,046491127
522;0,224906981;0,150763646;0,169403195;0,071824454;0,047706943;0,047741614
521,5999756;0,228472948;0,152917832;0,171886191;0,073209271;0,048558082;0,048501756
521,2000122;0,232456297;0,155620158;0,175380215;0,075400598;0,049477935;0,048880339
520,7999878;0,235328287;0,158056811;0,177412346;0,076376356;0,050497279;0,050211161
520,4000244;0,23966302;0,160140395;0,18065843;0,07916265;0,051705834;0,05121994
520;0,243810222;0,163391277;0,184196949;0,080766536;0,052677881;0,052147757
519,5999756;0,248123944;0,16594483;0,187792093;0,082959138;0,053171963;0,0526415
519,2000122;0,252399564;0,169252425;0,191166073;0,085029013;0,054586582;0,054133669
518,7999878;0,256389856;0,171853274;0,194477752;0,086969212;0,055562105;0,055367805
518,4000244;0,261296034;0,174496979;0,197056398;0,089066274;0,056939501;0,056494419
518;0,2663562;0,178050429;0,201291531;0,091403522;0,057878092;0,057457369
517,5999756;0,27120167;0,18102701;0,205202416;0,094251871;0,059064448;0,058241736
517,2000122;0,276744187;0,184270337;0,209547445;0,096724764;0,060360108;0,059719384
516,7999878;0,281257689;0,187614217;0,213277638;0,098641403;0,061319068;0,060877904
516,4000244;0,286729813;0,191795349;0,216625929;0,101425849;0,062982358;0,061928395
516;0,292494565;0,195173264;0,220430046;0,10420391;0,063717514;0,063364051
515,5999756;0,297980994;0,198554277;0,224832609;0,106533766;0,065333195;0,064591974
515,2000122;0,302973241;0,20220983;0,229095534;0,108974025;0,066744126;0,065887928
514,7999878;0,309755772;0,206478566;0,233879224;0,111903928;0,067966394;0,067210063
514,4000244;0,315206796;0,209235355;0,237000465;0,114965268;0,06954959;0,068963282
514;0,321964711;0,213917226;0,242099196;0,118228637;0,071026072;0,070075639
513,5999756;0,327626169;0,217350602;0,246224985;0,120720409;0,072513007;0,072055012
513,2000122;0,333840936;0,221599475;0,250164032;0,123433165;0,07400348;0,07332053
512,7999878;0,34012425;0,225804418;0,254715741;0,126690328;0,075673029;0,075013511
512,4000244;0,347439647;0,230438829;0,25927487;0,12999846;0,077211328;0,0764274
512;0,353913367;0,234349951;0,263720483;0,133366838;0,079377338;0,078318529
511,6000061;0,360586733;0,238398716;0,268802553;0,136384934;0,081120037;0,079793878
511,1999817;0,367602617;0,242716059;0,273637056;0,139360279;0,08248584;0,081050552
510,7999878;0,375358075;0,247539222;0,278504849;0,142632067;0,083841763;0,082809292
510,3999939;0,381583184;0,251923144;0,283382207;0,1463902;0,085766084;0,08464665
510;0,38893649;0,256633133;0,288731545;0,150132507;0,087392218;0,086123966
509,6000061;0,395932913;0,260496348;0,292919248;0,153553516;0,089350499;0,088276923
509,1999817;0,40284574;0,265928596;0,297986567;0,156396642;0,091553494;0,090192564
508,7999878;0,409698665;0,270287931;0,30271098;0,160272658;0,093521133;0,091872416
508,3999939;0,417919755;0,275176019;0,308735967;0,164446101;0,095403343;0,094116561
508;0,425344467;0,280905724;0,313115865;0,168302864;0,09708561;0,095672578
507,6000061;0,432533175;0,284993887;0,317964047;0,171018213;0,099844985;0,098041564
507,1999817;0,439954519;0,28943342;0,322672188;0,175231844;0,101230569;0,099585518
506,7999878;0,447019845;0,294474751;0,327754349;0,179262504;0,103664592;0,101318687
506,3999939;0,454953104;0,299024522;0,332843483;0,182524785;0,105231315;0,103386842
506;0,463783801;0,304899067;0,338727802;0,186630592;0,107415088;0,105225571
505,6000061;0,470576972;0,309161365;0,343418121;0,19066675;0,109738618;0,107311435
505,1999817;0,478155643;0,313882768;0,348636031;0,194861934;0,11226327;0,109636851
504,7999878;0,486030519;0,319020569;0,353049278;0,197885022;0,113936715;0,111605704
504,3999939;0,493126094;0,323486447;0,357775986;0,202224717;0,115977168;0,113310315
504;0,501060784;0,328662902;0,363073766;0,206095815;0,118432835;0,115477644
503,6000061;0,508020818;0,333555371;0,367895752;0,210047171;0,120433077;0,117635958
503,1999817;0,515539408;0,338382334;0,372652739;0,213986874;0,123348147;0,119598739
502,7999878;0,522798598;0,34349519;0,377771974;0,217879668;0,125545725;0,121956788
502,3999939;0,530052722;0,348289162;0,382709652;0,221593618;0,127694517;0,124258846
502;0,53734827;0,353193939;0,388142109;0,225760236;0,129938096;0,126304492
501,6000061;0,544759274;0,357605696;0,391758084;0,229646012;0,131487593;0,127727166
501,1999817;0,551828086;0,362924039;0,396496683;0,233553603;0,134301096;0,129806697
500,7999878;0,558566392;0,367405444;0,401883453;0,237119272;0,1365771;0,132397071
500,3999939;0,565567374;0,372733116;0,40607512;0,241688505;0,138515934;0,13431327
500;0,572759748;0,376751572;0,410589397;0,244693235;0,141147122;0,13581188
499,6000061;0,578956664;0,381148189;0,415489227;0,248637229;0,143367589;0,138402104
499,1999817;0,58639133;0,385292441;0,419708997;0,251984179;0,145191461;0,140413612
498,7999878;0,591754735;0,390141159;0,423565894;0,255860567;0,147748455;0,141808778
498,3999939;0,598013997;0,393951953;0,427991152;0,259854138;0,149960592;0,144438207
498;0,603665888;0,39878425;0,432015508;0,262877703;0,15185304;0,145273119
497,6000061;0,610138416;0,402405769;0,436142951;0,26649943;0,154007018;0,147592828
497,1999817;0,615785778;0,406822354;0,439781457;0,269444227;0,155817926;0,149508134
496,7999878;0,622273266;0,4106794;0,443426937;0,273169547;0,157912672;0,151458949
496,3999939;0,627254188;0,415061712;0,447423458;0,276418895;0,160492927;0,153872222
496;0,632078171;0,418847919;0,450714827;0,279719591;0,162443116;0,155367389
495,6000061;0,636720896;0,422331065;0,453428954;0,282431454;0,163942531;0,156365067
495,1999817;0,642735064;0,426383376;0,457480043;0,285107017;0,165978596;0,158753932
494,7999878;0,6471591;0,430007339;0,460775256;0,288911134;0,167647183;0,159706548
494,3999939;0,650958836;0,432988405;0,463454217;0,290852428;0,170184284;0,161743388
494;0,656034052;0,435790896;0,466957122;0,294105947;0,171503842;0,162801936
493,6000061;0,660669625;0,43940264;0,470092505;0,296786338;0,174009502;0,164919823
493,1999817;0,663969219;0,442201614;0,473510355;0,299507409;0,175172523;0,166398361
492,7999878;0,668208182;0,445343643;0,475057244;0,301506758;0,177290261;0,167465195
492,3999939;0,671407878;0,447940677;0,477882147;0,304102749;0,178216726;0,168545306
492;0,675202131;0,450009465;0,480824143;0,306693226;0,180646077;0,170299411
491,6000061;0,678395152;0,452479661;0,483253121;0,308849752;0,181380183;0,171605483
491,1999817;0,6812343;0,45448488;0,485482305;0,311002463;0,183144525;0,172603577
490,7999878;0,684313893;0,456457734;0,487787902;0,313040197;0,18388018;0,173808098
490,3999939;0,687618136;0,459168196;0,489974856;0,315069288;0,185412407;0,174547121
490;0,69040364;0,460644573;0,492310613;0,316995263;0,186953783;0,176067948
489,6000061;0,691880941;0,462466031;0,494302392;0,318693906;0,188848123;0,177122682
489,1999817;0,695190609;0,463830471;0,49609074;0,32022047;0,189867899;0,178270936
488,7999878;0,697395086;0,46518594;0,497349292;0,32237792;0,190069422;0,178734824
488,3999939;0,699492395;0,467752844;0,499449492;0,323576003;0,191677198;0,180346832
488;0,700264275;0,468373805;0,500678957;0,32542026;0,192439675;0,180749834
487,6000061;0,701968908;0,469388157;0,502305746;0,325921863;0,192678988;0,180893421
487,1999817;0,703782797;0,470611125;0,503861666;0,327106357;0,194435343;0,182447791
486,7999878;0,704266608;0,471617699;0,505577564;0,328863323;0,194420964;0,182829052
486,3999939;0,706366956;0,472447008;0,505664945;0,329005629;0,195608422;0,184055507
486;0,70727849;0,473105729;0,507169902;0,330408722;0,195795775;0,184456468
485,6000061;0,708913684;0,473820865;0,507914245;0,331110805;0,196618006;0,184823006
485,1999817;0,709345937;0,475037664;0,509566486;0,332012266;0,196747348;0,185836807
484,7999878;0,710182548;0,475417346;0,509602189;0,332663268;0,197741821;0,186507478
484,3999939;0,71029681;0,475410521;0,509849787;0,333709151;0,198268592;0,186615706
484;0,711788774;0,477132201;0,512029946;0,334064215;0,198736161;0,187845588
483,6000061;0,711855352;0,477026671;0,512310028;0,33398962;0,198830009;0,187878296
483,1999817;0,713185191;0,478313804;0,51368171;0,33506009;0,199256122;0,188562229
482,7999878;0,71288836;0,47796157;0,513625443;0,335739732;0,199573934;0,189135283
482,3999939;0,714137077;0,478219509;0,515058041;0,336064518;0,199975818;0,189869776
482;0,714266717;0,479786962;0,515131474;0,336877734;0,200835839;0,190440297
481,6000061;0,714815617;0,47888124;0,515221715;0,336921245;0,200831771;0,191308081
481,1999817;0,715040505;0,479985297;0,516397059;0,337750405;0,201184064;0,191599608
480,7999878;0,715422094;0,480858833;0,516811609;0,338368326;0,201645553;0,192543387
480,3999939;0,715829432;0,48148948;0,517780244;0,338551879;0,201839894;0,193093374
480;0,716831207;0,481907725;0,518401444;0,339866638;0,202123538;0,193387792
479,6000061;0,717137814;0,482823908;0,519127846;0,339829445;0,202399433;0,194797561
479,1999817;0,717213333;0,483276218;0,519605756;0,340185016;0,202559069;0,194644511
478,7999878;0,718192816;0,484555572;0,520992577;0,341483563;0,203082964;0,195261523
478,3999939;0,719177425;0,485252649;0,521725416;0,342009753;0,203621268;0,196318373
478;0,719230175;0,486016572;0,522300363;0,3429344;0,204303786;0,197437257
477,6000061;0,720464289;0,486786276;0,523095191;0,34348166;0,204455137;0,198053509
477,1999817;0,720771134;0,487700105;0,523622096;0,344785839;0,204935551;0,198767126
476,7999878;0,721268654;0,487974495;0,524391174;0,345167756;0,205661416;0,199968115
476,3999939;0,722871363;0,489624113;0,525548756;0,34640488;0,205817148;0,20007363
476;0,723047376;0,490609795;0,527027667;0,34681508;0,206792876;0,201104626
475,6000061;0,724002004;0,491479754;0,527948022;0,347516507;0,207050204;0,201829642
475,1999817;0,723591268;0,492781907;0,527830243;0,3486619;0,207347646;0,20261313
474,7999878;0,725387454;0,493275791;0,529603422;0,349137038;0,207554072;0,203396693
474,3999939;0,725114465;0,494807214;0,529355288;0,349691898;0,208308667;0,203761905
474;0,72600174;0,494893462;0,530065119;0,350415707;0,208669588;0,20413357
473,6000061;0,727054358;0,495477498;0,530620694;0,351167858;0,208834067;0,205328196
473,1999817;0,727707148;0,495880127;0,53133291;0,351285398;0,209784418;0,205820933
472,7999878;0,727826953;0,497074008;0,531217396;0,351604939;0,209539846;0,206053048
472,3999939;0,727587462;0,497124463;0,531805575;0,352263629;0,20961152;0,20670262
472;0,727894187;0,498353034;0,532452345;0,352852255;0,209772408;0,207233369
471,6000061;0,728223503;0,498590261;0,531833053;0,352656126;0,210092232;0,20693925
471,1999817;0,728856742;0,499558508;0,532444835;0,352938414;0,209721267;0,207418338
470,7999878;0,728099465;0,49947983;0,53190881;0,352369577;0,210129514;0,207429439
470,3999939;0,727781713;0,498613447;0,530983508;0,352136076;0,209677294;0,207534745
470;0,728232622;0,500036478;0,532230794;0,352360874;0,209870279;0,207654029
469,6000061;0,726938486;0,499750316;0,530653834;0,352037668;0,210011825;0,207860395
469,1999817;0,727456152;0,500229657;0,53114605;0,351979077;0,209290892;0,207882658
468,7999878;0,727820575;0,500916302;0,530755699;0,351496458;0,209678769;0,208211988
468,3999939;0,726892591;0,500159323;0,530698538;0,351505071;0,209546179;0,207961664
468;0,727421999;0,500569105;0,530362904;0,351228565;0,209278062;0,207644463
467,6000061;0,727072716;0,499952287;0,529615223;0,350169927;0,209349409;0,207749575
467,1999817;0,726069629;0,499106586;0,528634429;0,349567652;0,209069476;0,207279801
466,7999878;0,725691736;0,498968095;0,528014481;0,34903118;0,209129557;0,20776014
466,3999939;0,725702524;0,499105156;0,528301358;0,349277943;0,208525896;0,207339764
466;0,725065112;0,499533445;0,528251648;0,349001348;0,20862259;0,2069287
465,6000061;0,725839496;0,499068022;0,527790368;0,348128408;0,208024517;0,20599094
465,1999817;0,725363076;0,49895379;0,527553558;0,34832266;0,207670063;0,205971733
464,7999878;0,723482132;0,497443348;0,526217222;0,346677214;0,207126588;0,205847874
464,3999939;0,723495781;0,497742862;0,525761187;0,346727669;0,207410693;0,205544755
464;0,722153008;0,498183996;0,525379658;0,346630812;0,206644416;0,204741687
463,6000061;0,722041249;0,497519463;0,52489984;0,345535308;0,207542852;0,205010295
463,1999817;0,722149789;0,497791141;0,524528742;0,346164465;0,206458941;0,204994112
462,7999878;0,721876681;0,496676773;0,523446083;0,345155567;0,206776246;0,204368815
462,3999939;0,721600354;0,496564925;0,52373755;0,345278502;0,20674628;0,203989044
462;0,721378744;0,496074796;0,52298671;0,344978362;0,206103563;0,203424484
461,6000061;0,721217454;0,496540487;0,523644269;0,344628692;0,206443533;0,204010695
461,1999817;0,721411228;0,496889502;0,523501098;0,343907327;0,206106603;0,202970386
460,7999878;0,720422268;0,495598972;0,522918463;0,34355849;0,206284761;0,203041151
460,3999939;0,720617473;0,496292114;0,522738874;0,343546718;0,206009492;0,202905044
460;0,720310867;0,496531695;0,521842897;0,343308389;0,206289038;0,202666804
459,6000061;0,719722152;0,496426225;0,522298515;0,343710929;0,205978513;0,202786684
459,1999817;0,719246328;0,496115804;0,521689057;0,343440414;0,206289917;0,202898845
458,7999878;0,720113277;0,496803105;0,522660434;0,343562931;0,206081048;0,202935323
458,3999939;0,719918132;0,497005165;0,522307694;0,343540371;0,206808284;0,202391923
458;0,719918549;0,49721694;0,522567749;0,343555868;0,206665248;0,2033474
457,6000061;0,720792592;0,498032123;0,5239591;0,344096065;0,206786618;0,203423321
457,1999817;0,721017778;0,498451948;0,523356617;0,344901174;0,207614481;0,204577968
456,7999878;0,720635951;0,498754025;0,524459243;0,345001757;0,208099827;0,204844564
456,3999939;0,722220421;0,499723256;0,525628209;0,345698625;0,208650753;0,204630554
456;0,722122073;0,500036538;0,526137054;0,346186161;0,209275514;0,205356225
455,6000061;0,722991884;0,501981497;0,527266979;0,347494036;0,209622726;0,206158742
455,1999817;0,723801136;0,503188729;0,52721405;0,348198384;0,210411057;0,207064882
454,7999878;0,726224005;0,504617274;0,529799819;0,349746943;0,211422518;0,208339572
454,3999939;0,726494432;0,505799711;0,53011322;0,349767715;0,211643666;0,209148333
454;0,727787018;0,507090509;0,532810211;0,35227406;0,213277385;0,210957974
453,6000061;0,729057849;0,509645462;0,533945262;0,353495687;0,214304939;0,212708652
453,1999817;0,731448352;0,511182666;0,535759151;0,355721235;0,215336695;0,213831961
452,7999878;0,732592106;0,513186276;0,538312912;0,358315796;0,215709716;0,215485558
452,3999939;0,735133827;0,515288115;0,540619314;0,359839737;0,218324199;0,218071654
452;0,735949397;0,517583191;0,542829037;0,362897933;0,219174027;0,219940305
451,6000061;0,737769246;0,519924343;0,54460305;0,365273148;0,221473113;0,222021505
451,1999817;0,739792049;0,521304846;0,547217131;0,367356241;0,222152397;0,223874062
450,7999878;0,742091894;0,525007427;0,549327314;0,370393783;0,224772796;0,226561517
450,3999939;0,745054841;0,527735412;0,551953256;0,372930527;0,226213574;0,229051545
450;0,747242868;0,530844331;0,554821849;0,374988347;0,228093147;0,231143564
449,6000061;0,749093294;0,533528566;0,557776153;0,379348308;0,23017782;0,234919846
449,1999817;0,751499593;0,5362643;0,560822427;0,382247984;0,232011288;0,237150013
448,7999878;0,754450321;0,539114595;0,563153029;0,385441482;0,234232575;0,240029782
448,3999939;0,756584585;0,542331994;0,56670177;0,388931185;0,236094415;0,243178025
448;0,760581672;0,545554638;0,570377052;0,391606808;0,237805948;0,245651737
447,6000061;0,762455642;0,548888922;0,572960138;0,395301193;0,240317538;0,248760864
447,1999817;0,763941586;0,551076233;0,575740516;0,398248166;0,242235094;0,251232982
446,7999878;0,766593099;0,554850757;0,577889204;0,402025968;0,244780153;0,254784584
446,3999939;0,769728839;0,55777055;0,581230521;0,405423909;0,246725977;0,257392317
446;0,771884501;0,559223115;0,5836308;0,409622252;0,248863518;0,260344088
445,6000061;0,774031282;0,562851489;0,586401939;0,411536217;0,250808835;0,263273329
445,1999817;0,776005328;0,566187322;0,590127528;0,4152385;0,252528489;0,266012549
444,7999878;0,778057456;0,56878674;0,591835976;0,418217599;0,255682528;0,269323885
444,3999939;0,77977252;0,570232451;0,594013035;0,420920491;0,257356912;0,271307439
444;0,781995773;0,57314682;0,596298754;0,423595309;0,258563936;0,273975015
443,6000061;0,78447777;0,575969398;0,598438799;0,426476926;0,260691345;0,27597782
443,1999817;0,786146045;0,577622175;0,600618124;0,428586364;0,262886196;0,2789011
442,7999878;0,787803829;0,580012679;0,602033913;0,431988001;0,265082449;0,281066567
442,3999939;0,789176285;0,581485331;0,604664207;0,434005857;0,265843093;0,282786846
442;0,79002893;0,58285898;0,606120467;0,436353743;0,266620606;0,285181224
441,6000061;0,791744471;0,585620284;0,608654976;0,438304752;0,2684367;0,285825014
441,1999817;0,792700291;0,586568654;0,609312475;0,440107673;0,269767463;0,28821972
440,7999878;0,794063687;0,587892532;0,610604048;0,441250861;0,270679057;0,289659143
440,3999939;0,793913364;0,587942898;0,61075449;0,442509711;0,272476494;0,290594697
440;0,794953466;0,588802218;0,611481488;0,444054991;0,272901803;0,291948617
439,6000061;0,794534206;0,589898467;0,61256808;0,444390029;0,274210513;0,29275474
439,1999817;0,796665847;0,591038764;0,612930358;0,44663322;0,275060773;0,294059038
438,7999878;0,797630906;0,591184199;0,613983572;0,447068125;0,275074899;0,294983119
438,3999939;0,797417522;0,592134595;0,614366174;0,447141409;0,275792688;0,295289427
438;0,79823488;0,593318522;0,614448369;0,448478401;0,275861919;0,295133323
437,6000061;0,798472643;0,592374086;0,614662468;0,447960794;0,276324183;0,295666188
437,1999817;0,798330009;0,593108296;0,613951147;0,44815746;0,276343823;0,295573801
436,7999878;0,798908353;0,593325973;0,614934146;0,448950291;0,2763502;0,29639712
436,3999939;0,79827404;0,593239427;0,614843071;0,448343426;0,276092082;0,29509604
436;0,799345374;0,593541026;0,61519748;0,448349714;0,277022988;0,29600203
435,6000061;0,797550023;0,591660619;0,614346564;0,44768253;0,277125627;0,295474827
435,1999817;0,798745811;0,592291176;0,613666713;0,448206097;0,276184768;0,295118243
434,7999878;0,798870564;0,591704845;0,613145351;0,447014421;0,276096642;0,294432521
434,3999939;0,799195468;0,590369165;0,613102734;0,446440041;0,27539444;0,293835133
434;0,797584534;0,590580344;0,611944437;0,445813149;0,275598854;0,292648196
433,6000061;0,79703635;0,58997047;0,611666501;0,445556194;0,274801016;0,292039067
433,1999817;0,796911418;0,588978887;0,611009896;0,444440901;0,274353325;0,291002214
432,7999878;0,79648;0,588533938;0,61038053;0,443540901;0,273874462;0,290887803
432,3999939;0,796780527;0,587185144;0,608332157;0,441613317;0,273082495;0,28956756
432;0,795648038;0,585639775;0,609141409;0,440881819;0,272204042;0,289131522
431,6000061;0,79454428;0,585733771;0,608276129;0,440164626;0,271506727;0,287258565
431,1999817;0,793398023;0,584640503;0,606563211;0,438677013;0,270712078;0,286391944
430,7999878;0,793260336;0,582649708;0,603733063;0,436688721;0,269366384;0,285051823
430,3999939;0,791786492;0,582091212;0,60403651;0,434880316;0,268792838;0,284134001
430;0,791311979;0,580470443;0,602985919;0,434352338;0,267766506;0,282075763
429,6000061;0,789475083;0,57861203;0,600496411;0,432132483;0,266580045;0,281633884
429,1999817;0,789586961;0,578223467;0,60013938;0,430498719;0,265862137;0,280008405
428,7999878;0,788220644;0,576752484;0,59960556;0,429248512;0,264504015;0,278598338
428,3999939;0,78849262;0,576848328;0,597551525;0,427698284;0,263719529;0,27695024
428;0,785258412;0,574095428;0,596336186;0,424948782;0,26274389;0,276200324
427,6000061;0,785342813;0,573050559;0,595139444;0,424519956;0,261967868;0,27537185
427,1999817;0,784899235;0,572117567;0,593767643;0,424043536;0,259466052;0,273374021
426,7999878;0,782296836;0,570621967;0,592003465;0,4206312;0,258587688;0,272484839
426,3999939;0,781877637;0,568944335;0,591329038;0,419462502;0,25906089;0,272038519
426;0,781446278;0,568700373;0,590521514;0,419394046;0,256673753;0,270761013
425,6000061;0,780811608;0,568012118;0,589612722;0,415919274;0,256640554;0,270284087
425,1999817;0,780484498;0,565901339;0,588685334;0,415496975;0,255731493;0,269823343
424,7999878;0,779438674;0,565654755;0,587251246;0,414099753;0,255547851;0,269408733
424,3999939;0,777782261;0,565984964;0,586949289;0,413219512;0,254129678;0,267231077
424;0,776857615;0,565070927;0,586871922;0,412520886;0,253150165;0,266564786
423,6000061;0,77559185;0,563080967;0,582602263;0,411159277;0,252284229;0,265197933
423,1999817;0,775271535;0,562361538;0,583638966;0,409430087;0,251539707;0,265251964
422,7999878;0,774784684;0,562606692;0,583937764;0,40922305;0,251639307;0,264983058
422,3999939;0,775204718;0,562798679;0,582762897;0,408438057;0,249819532;0,26452747
422;0,774713278;0,559961438;0,580841601;0,407292813;0,249000818;0,263972849
421,6000061;0,773543;0,560365737;0,581345618;0,40743202;0,248837575;0,264052987
421,1999817;0,771719277;0,560853839;0,580539823;0,405460835;0,249170959;0,26337868
420,7999878;0,773328662;0,559915423;0,580325007;0,405451566;0,247577444;0,262533933
420,3999939;0,770125389;0,557990551;0,578698933;0,403223157;0,2473187;0,262015104
420;0,77110368;0,558588803;0,577860713;0,403100103;0,246768922;0,261450142
419,6000061;0,770161867;0,55724287;0,577695608;0,401712239;0,245848581;0,261273891
419,1999817;0,770275831;0,558217526;0,577349126;0,402580857;0,246274322;0,260710836
418,7999878;0,770253837;0,556485891;0,576921582;0,401954562;0,245750368;0,260988772
418,3999939;0,76867342;0,557098806;0,576041818;0,40029484;0,244887143;0,259490281
418;0,769169927;0,556251347;0,575495839;0,400809288;0,243589953;0,25917989
417,6000061;0,768000066;0,555795431;0,574170947;0,397755086;0,243409604;0,259027422
417,1999817;0,767262518;0,555378676;0,574260056;0,397998333;0,242452055;0,257818788
416,7999878;0,765631974;0,555438221;0,573332489;0,396805376;0,242205203;0,257405788
416,3999939;0,766750872;0,555495918;0,572867036;0,396296948;0,240922719;0,257006973
416;0,766470194;0,553188384;0,571369946;0,395103395;0,241302684;0,256194681
415,6000061;0,763492405;0,55251509;0,570946038;0,393236011;0,241048381;0,256355852
415,1999817;0,763960719;0,551940143;0,570294797;0,39288035;0,239747316;0,25543052
414,7999878;0,762123942;0,551504731;0,568802238;0,391846269;0,238224134;0,253500551
414,3999939;0,761396766;0,549199402;0,567684412;0,39014557;0,237825722;0,253421962
414;0,76135093;0,54978776;0,56781745;0,389195442;0,237604886;0,252432287
413,6000061;0,760421217;0,547039807;0,565591574;0,387724668;0,236205623;0,250821292
413,1999817;0,759234905;0,546053708;0,56352526;0,386039197;0,235088393;0,250139326
412,7999878;0,758350074;0,545960784;0,563310564;0,384697378;0,235170811;0,249257714
412,3999939;0,756843507;0,544417322;0,562002897;0,383492291;0,233472109;0,247256666
412;0,756481171;0,543443561;0,560010433;0,381157816;0,232472301;0,24626711
411,6000061;0,753750861;0,541208565;0,559415519;0,380404353;0,231563643;0,245870739
411,1999817;0,753338456;0,539856792;0,55846405;0,378769904;0,229773894;0,243553445
410,7999878;0,751734376;0,537638724;0,555937171;0,376680315;0,229711071;0,242656902
410,3999939;0,749079585;0,537823021;0,554376364;0,375947386;0,228268474;0,241961896
410;0,748777211;0,535246015;0,553360224;0,372788966;0,22781609;0,240599394
409,6000061;0,746323943;0,533951938;0,551590383;0,370771438;0,226167992;0,239432082
409,1999817;0,745167136;0,533724845;0,550915062;0,369909525;0,224283561;0,237053409
408,7999878;0,742320418;0,530403793;0,546815455;0,367239773;0,223958165;0,23600018
408,3999939;0,741451263;0,528152645;0,545104444;0,366103172;0,222423524;0,235103861
408;0,739539623;0,527797341;0,544894218;0,363483638;0,220474899;0,232300311
407,6000061;0,737485707;0,525265217;0,541866243;0,360949874;0,219340086;0,230937421
407,1999817;0,735693932;0,523415685;0,539614201;0,358862996;0,218109638;0,229101196
406,7999878;0,734386683;0,522259057;0,538739026;0,357185692;0,216685787;0,228504181
406,3999939;0,730034232;0,51808548;0,535974622;0,353823572;0,216393709;0,227637842
406;0,729282737;0,51985383;0,534347296;0,353569001;0,213279128;0,223794788
405,6000061;0,727293074;0,515214503;0,531984448;0,351535767;0,212905094;0,222992241
405,1999817;0,724502862;0,515013874;0,530532897;0,348793805;0,211373627;0,221347824
404,7999878;0,722418904;0,512272179;0,527379096;0,346963733;0,210897178;0,220883563
404,3999939;0,718774974;0,511253774;0,525882006;0,344933748;0,209138647;0,220049039
404;0,717504084;0,507450998;0,522303104;0,340804905;0,208441764;0,217469364
403,6000061;0,71635288;0,506823182;0,522366405;0,340134531;0,207135066;0,216435596
403,1999817;0,713428199;0,506059229;0,519867837;0,337354839;0,206522211;0,214708865
402,7999878;0,71259135;0,504248977;0,517892778;0,33608827;0,205085754;0,214267537
402,3999939;0,709005475;0,503658652;0,515372217;0,333678246;0,203573152;0,213045895
402;0,708266735;0,501954675;0,516160071;0,332965165;0,20135133;0,210585818
401,6000061;0,706239164;0,501236081;0,514442742;0,332791388;0,200487733;0,210857809
401,1999817;0,703991532;0,49922961;0,512222111;0,328986734;0,199627295;0,20963648
400,7999878;0,702301741;0,496759713;0,511171222;0,328552514;0,198674187;0,208684415
400,3999939;0,698761046;0,495845556;0,509174585;0,325976968;0,197613731;0,207131684
400;0,698488951;0,49455446;0,507768929;0,32438919;0,196121514;0,205310538
399,6000061;0,697835684;0,494193375;0,506759405;0,324134111;0,196303934;0,204883233
399,1999817;0,696603537;0,493801087;0,505106092;0,32245186;0,19430089;0,204826236
398,7999878;0,693750978;0,493440539;0,504095912;0,321132124;0,194317982;0,202556595
398,3999939;0,693282664;0,492123276;0,503425717;0,31968841;0,193780601;0,202893555
398;0,691040337;0,490667611;0,500849664;0,31760782;0,192828447;0,203264847
397,6000061;0,690850735;0,490226686;0,500411987;0,318397254;0,192282707;0,201527879
397,1999817;0,690016389;0,489655405;0,500901163;0,317739785;0,192315877;0,201539353
396,7999878;0,688865125;0,488851756;0,498769194;0,316723704;0,191533819;0,20129104
396,3999939;0,689091444;0,489178956;0,498108357;0,316029638;0,191510081;0,201687396
396;0,68610096;0,488190502;0,497036189;0,315482765;0,190496564;0,200298727
395,6000061;0,688231051;0,487205058;0,497266293;0,315406531;0,190277711;0,200450897
395,1999817;0,686185062;0,488045186;0,497508794;0,31463787;0,18956764;0,199613363
394,7999878;0,684787095;0,486459136;0,495977938;0,313212633;0,189898834;0,19981508
394,3999939;0,686228037;0,487107754;0,496979952;0,313329399;0,189278156;0,200491145
394;0,685591996;0,487269223;0,495574057;0,313096255;0,189095795;0,19980593
393,6000061;0,684400618;0,48755756;0,497386456;0,314395249;0,189127237;0,198759675
393,1999817;0,686119556;0,48717466;0,495328665;0,311716735;0,188346341;0,199265778
392,7999878;0,683296144;0,486976534;0,494074553;0,312341571;0,188882157;0,19889982
392,3999939;0,684099853;0,488737285;0,495509744;0,311025769;0,189174101;0,199346468
392;0,683874965;0,48685199;0,494209796;0,311540008;0,18867673;0,198837206
391,6000061;0,683377504;0,486628324;0,494780213;0,311308473;0,187294036;0,197727814
391,1999817;0,684484541;0,486258447;0,494820476;0,310983241;0,188319311;0,199143753
390,7999878;0,685466766;0,48739329;0,495103777;0,311026871;0,187507927;0,196625903
390,3999939;0,685637415;0,487333328;0,495832712;0,311302811;0,188101381;0,198936567
390;0,68354404;0,488275737;0,495170116;0,310757607;0,187165514;0,19798179
389,6000061;0,685299933;0,487452775;0,495951623;0,310934871;0,187442914;0,198019609
389,1999817;0,682648897;0,487775534;0,494661421;0,3091667;0,187734768;0,198690057
388,7999878;0,683077693;0,487769604;0,493774682;0,309761077;0,187326267;0,197567627
388,3999939;0,68466574;0,488325477;0,493977457;0,311025649;0,186733156;0,197939113
388;0,683899105;0,48846969;0,495319426;0,310930342;0,187212557;0,198150471
387,6000061;0,684027791;0,488624275;0,494096041;0,309896886;0,186805666;0,197393864
387,1999817;0,683639765;0,487106949;0,493163109;0,309737444;0,187868759;0,198728994
386,7999878;0,68432945;0,486406386;0,49374944;0,309739471;0,1865426;0,196784779
386,3999939;0,682605207;0,487333566;0,493564606;0,309690595;0,186930418;0,197175741
386;0,68387723;0,486534208;0,493713379;0,308974594;0,18719317;0,197929323
385,6000061;0,682770968;0,487371177;0,495298505;0,309099197;0,18723686;0,197394922
385,1999817;0,684285343;0,488276094;0,494274646;0,30992654;0,186957806;0,196101889
384,7999878;0,683065414;0,487130553;0,493341535;0,309058785;0,186457887;0,196820244
384,3999939;0,685192049;0,487944692;0,493524015;0,308973938;0,184177205;0,194804132
384;0,683552325;0,486578882;0,491792738;0,307083637;0,185346156;0,195636377
383,6000061;0,684277535;0,485521644;0,493519604;0,307746261;0,185016468;0,196702033
383,1999817;0,682926357;0,485251993;0,490534782;0,306054682;0,187425301;0,19661133
382,7999878;0,684599519;0,486254156;0,491409898;0,305729926;0,185227856;0,194879741
382,3999939;0,680857301;0,485283583;0,492503256;0,305534035;0,184824318;0,193561137
382;0,680441618;0,48412168;0,490866661;0,303969592;0,184668839;0,194284648
381,6000061;0,681438983;0,48418197;0,489830613;0,30465281;0,18423216;0,194427326
381,1999817;0,681351185;0,48695609;0,490333766;0,304959178;0,183349326;0,193121716
380,7999878;0,67934823;0,48283118;0,488445938;0,303370118;0,183064818;0,194092214
380,3999939;0,681667924;0,483373195;0,489619672;0,303247064;0,182321176;0,193667948
380;0,679994643;0,482386828;0,487044424;0,301237106;0,183227569;0,192950249
379,6000061;0,679265022;0,482729912;0,4890683;0,29998976;0,182738155;0,191649512
379,1999817;0,678604305;0,482916683;0,487216443;0,299559891;0,181673288;0,191381395
378,7999878;0,677596748;0,480937481;0,485318124;0,298310876;0,181075797;0,190467462
378,3999939;0,676671863;0,481737167;0,486006379;0,297639668;0,181913957;0,190142646
378;0,675503552;0,482101023;0,485444486;0,299373239;0,180074871;0,18772611
377,6000061;0,674337685;0,478182286;0,483824581;0,295017481;0,179622769;0,188725308
377,1999817;0,675041795;0,476751268;0,482904315;0,294996917;0,179032773;0,187747419
376,7999878;0,672370195;0,477744103;0,480472863;0,29446879;0,178325802;0,186167613
376,3999939;0,672865987;0,476945251;0,479655385;0,293397218;0,177601084;0,18594043
376;0,671365202;0,476650536;0,480735749;0,293363124;0,177027449;0,184962288
375,6000061;0,670221329;0,475028664;0,477232814;0,28926447;0,175373346;0,184191689
375,1999817;0,671355903;0,474468827;0,47782898;0,29081735;0,176340282;0,185080603
374,7999878;0,668720663;0,473956525;0,475741983;0,287950635;0,175557554;0,182944328
374,3999939;0,666185498;0,471096218;0,474625081;0,287672848;0,174447238;0,182230622
374;0,665506184;0,470663101;0,473424852;0,285512;0,173773602;0,181164295
373,6000061;0,664636195;0,469899476;0,471755505;0,282713234;0,173206031;0,181520715
373,1999817;0,663830996;0,468563855;0,471053362;0,284139216;0,173779905;0,179428458
372,7999878;0,659695327;0,468733788;0,470605999;0,282616943;0,172939584;0,179883167
372,3999939;0,659794807;0,466288298;0,469183505;0,280749142;0,170912415;0,177564696
372;0,657768965;0,466096342;0,467338413;0,280005246;0,170225769;0,178481177
371,6000061;0,657592118;0,465768665;0,466549248;0,278893441;0,169535935;0,178265661
371,1999817;0,657415807;0,466236264;0,465910852;0,276853025;0,16995509;0,17681317
370,7999878;0,655293644;0,46469903;0,466319084;0,276441634;0,167521119;0,175152525
370,3999939;0,656077921;0,464656502;0,465129823;0,276783854;0,168938428;0,175633609
370;0,654823363;0,464123994;0,46487993;0,276154667;0,170105308;0,175585643
369,6000061;0,655873597;0,462547869;0,464601964;0,274620533;0,166070029;0,174234495
369,1999817;0,652070463;0,462524235;0,46175763;0,271680743;0,166088045;0,174336776
368,7999878;0,65081352;0,462310731;0,459724993;0,271873772;0,165733516;0,173236936
368,3999939;0,649460971;0,461547017;0,460361183;0,27037707;0,165199906;0,17215845
368;0,648814023;0,459297538;0,458158821;0,270202696;0,165902317;0,172020614
367,6000061;0,646725178;0,458041102;0,459138781;0,269379228;0,165650651;0,172809348
367,1999817;0,646528721;0,459062636;0,457905471;0,267906696;0,163680494;0,171453908
366,7999878;0,642662287;0,457288802;0,456441522;0,267183483;0,165102974;0,171454281
366,3999939;0,644726098;0,458100289;0,454439282;0,265925497;0,163638577;0,170102358
366;0,644271731;0,455799937;0,45667553;0,267426878;0,161907509;0,168403491
365,6000061;0,643851399;0,457251906;0,454525888;0,265978515;0,162753761;0,167686716
365,1999817;0,642110586;0,45505026;0,452141583;0,264361262;0,162215754;0,167283058
364,7999878;0,640830398;0,455012173;0,45390597;0,262396544;0,161434472;0,16664578
364,3999939;0,640137315;0,455108225;0,452869445;0,260776699;0,162277326;0,1667521
364;0,644032121;0,454043299;0,451792538;0,26115641;0,160746008;0,167473912
363,6000061;0,637669325;0,452520579;0,449240625;0,25922069;0,160228655;0,164284632
363,1999817;0,636867762;0,45259434;0,449461401;0,259019643;0,158384055;0,16638051
362,7999878;0,636782169;0,449862212;0,44971022;0,258058012;0,159010738;0,164981172
362,3999939;0,63654387;0,451403976;0,448781073;0,256702304;0,15959245;0,164455175
362;0,636483133;0,452795535;0,450431407;0,258951336;0,159963429;0,165712297
361,6000061;0,635832965;0,451896697;0,448481321;0,256647676;0,157614276;0,16295591
361,1999817;0,633107603;0,45050928;0,447354406;0,253845036;0,156707674;0,16305846
360,7999878;0,631890118;0,447236449;0,445131809;0,252463967;0,156648785;0,162039295
360,3999939;0,632387221;0,450286925;0,443813622;0,253581226;0,156362802;0,161736444
360;0,629048407;0,44810909;0,444142222;0,250301093;0,158044174;0,16169782
359,6000061;0,630941391;0,450278014;0,446435958;0,252741128;0,155637607;0,160749942
359,1999817;0,628721237;0,449260622;0,444333851;0,252492428;0,156337529;0,159981355
358,7999878;0,629632711;0,44774133;0,442137837;0,24944064;0,154706314;0,160933256
358,3999939;0,628277302;0,447863311;0,439430952;0,248431012;0,155817151;0,16030474
358;0,630221009;0,448262543;0,442475259;0,251156032;0,155397341;0,16053623
357,6000061;0,627931178;0,447516829;0,441771209;0,248985469;0,154069424;0,157391593
357,1999817;0,627048075;0,446681649;0,440290064;0,248958245;0,152094558;0,157761812
356,7999878;0,62409842;0,447535038;0,438609392;0,247995213;0,154491425;0,160155922
356,3999939;0,625878155;0,446803182;0,440953374;0,248019144;0,153863847;0,156693757
356;0,621972442;0,443207592;0,439958423;0,244693607;0,155499935;0,159018606
355,6000061;0,625825286;0,44546026;0,440042555;0,246217132;0,155554593;0,158467382
355,1999817;0,624128521;0,447208643;0,440636158;0,246391356;0,153339565;0,159034923
354,7999878;0,624402881;0,44503814;0,439820468;0,245858237;0,151984781;0,158051029
354,3999939;0,624490738;0,446029395;0,440793097;0,244531021;0,151849002;0,157939598
354;0,626842558;0,446103692;0,440987468;0,24451761;0,153681979;0,158855423
353,6000061;0,626088202;0,445705533;0,441488266;0,246262774;0,154912397;0,158873305
353,1999817;0,623572946;0,448722184;0,438852578;0,243636549;0,15393281;0,158210233
352,7999878;0,626957595;0,446928561;0,442314416;0,244643763;0,154948384;0,158159107
352,3999939;0,627955794;0,447159857;0,440168262;0,245862976;0,151238874;0,156871215
352;0,630758107;0,450732619;0,44167462;0,247040272;0,15247041;0,156718969
351,6000061;0,628550649;0,448843867;0,442272246;0,24556753;0,152485669;0,158383116
351,1999817;0,628120244;0,449048698;0,44144088;0,245072156;0,154773891;0,158807844
350,7999878;0,630532086;0,452250212;0,443206638;0,246786594;0,156086132;0,159889132
350,3999939;0,632176697;0,45212692;0,445767403;0,246928364;0,154340118;0,159288153
350;0,632069707;0,453196645;0,445102334;0,2493352;0,155017138;0,159319833
