Wavelength (nm);Abs_HP;Wavelength (nm);Abs_AT
750;-0,007677491;800;-6,25E-04
749,5999756;-0,007586027;799,5999756;-5,25E-04
749,2000122;-0,00759259;799,2000122;-3,85E-04
748,7999878;-0,007603833;798,7999878;-7,42E-04
748,4000244;-0,007768988;798,4000244;-5,35E-04
748;-0,007578752;798;-7,99E-04
747,5999756;-0,007702262;797,5999756;-4,58E-04
747,2000122;-0,007690309;797,2000122;-5,28E-04
746,7999878;-0,007650787;796,7999878;-5,39E-04
746,4000244;-0,007552957;796,4000244;-2,74E-04
746;-0,007649159;796;-6,79E-04
745,5999756;-0,007638629;795,5999756;-5,63E-04
745,2000122;-0,00766391;795,2000122;-5,98E-04
744,7999878;-0,007481873;794,7999878;-8,39E-04
744,4000244;-0,007540898;794,4000244;-6,72E-04
744;-0,007894477;794;-8,70E-04
743,5999756;-0,007782311;793,5999756;-7,37E-04
743,2000122;-0,007690258;793,2000122;-6,48E-04
742,7999878;-0,007671947;792,7999878;-5,77E-04
742,4000244;-0,007635322;792,4000244;-7,17E-04
742;-0,007760342;792;-7,60E-04
741,5999756;-0,007510928;791,5999756;-6,40E-04
741,2000122;-0,007756986;791,2000122;-6,30E-04
740,7999878;-0,00774478;790,7999878;-9,31E-04
740,4000244;-0,007528636;790,4000244;-5,06E-04
740;-0,007599356;790;-8,21E-04
739,5999756;-0,007489658;789,5999756;-8,02E-04
739,2000122;-0,007645496;789,2000122;-7,17E-04
738,7999878;-0,007599255;788,7999878;-6,34E-04
738,4000244;-0,007632881;788,4000244;-0,001020209
738;-0,007538151;788;-9,87E-04
737,5999756;-0,007473578;787,5999756;-8,21E-04
737,2000122;-0,007466453;787,2000122;-5,70E-04
736,7999878;-0,007412252;786,7999878;-5,52E-04
736,4000244;-0,007262084;786,4000244;-6,57E-04
736;-0,007365578;786;-8,02E-04
735,5999756;-0,007345319;785,5999756;-5,96E-04
735,2000122;-0,007329335;785,2000122;-0,00106034
734,7999878;-0,007349239;784,7999878;-9,16E-04
734,4000244;-0,007169412;784,4000244;-7,81E-04
734;-0,007025425;784;-0,00106473
733,5999756;-0,007134476;783,5999756;-0,001244263
733,2000122;-0,007063476;783,2000122;-6,67E-04
732,7999878;-0,007078655;782,7999878;-0,001275494
732,4000244;-0,006975092;782,4000244;-0,001107438
732;-0,007045954;782;-0,001080894
731,5999756;-0,006847706;781,5999756;-4,14E-04
731,2000122;-0,006777984;781,2000122;-5,30E-04
730,7999878;-0,006762336;780,7999878;-8,57E-04
730,4000244;-0,006651712;780,4000244;-0,001213391
730;-0,006505769;780;-0,001216798
729,5999756;-0,006319673;779,5999756;-0,001263673
729,2000122;-0,006293701;779,2000122;-0,001096181
728,7999878;-0,00628722;778,7999878;-0,001187008
728,4000244;-0,006195514;778,4000244;-0,001019021
728;-0,006106187;778;-9,43E-04
727,5999756;-0,005973082;777,5999756;-0,001240288
727,2000122;-0,005921145;777,2000122;-0,001347653
726,7999878;-0,005691112;776,7999878;-0,001167698
726,4000244;-0,005789056;776,4000244;-0,001108677
726;-0,0054925;776;-0,001183394
725,5999756;-0,005576536;775,5999756;-0,001372168
725,2000122;-0,005483759;775,2000122;-0,001440853
724,7999878;-0,005347036;774,7999878;-9,35E-04
724,4000244;-0,005019115;774,4000244;-0,001047583
724;-0,00507382;774;-6,24E-04
723,5999756;-0,005125908;773,5999756;-7,78E-04
723,2000122;-0,00497423;773,2000122;-0,001172758
722,7999878;-0,004833507;772,7999878;-0,001340531
722,4000244;-0,004471533;772,4000244;-9,33E-04
722;-0,004558328;772;-0,001110795
721,5999756;-0,004476555;771,5999756;-0,001012823
721,2000122;-0,00424191;771,2000122;-7,94E-04
720,7999878;-0,004015295;770,7999878;-0,001056208
720,4000244;-0,003814273;770,4000244;-0,001198005
720;-0,003738621;770;-0,00115954
719,5999756;-0,00352833;769,5999756;-0,00120766
719,2000122;-0,003390888;769,2000122;-0,001107077
718,7999878;-0,003214244;768,7999878;-0,001027595
718,4000244;-0,002938037;768,4000244;-0,001288192
718;-0,002732297;768;-0,0012725
717,5999756;-0,002785336;767,5999756;-0,00117219
717,2000122;-0,002453569;767,2000122;-0,001324479
716,7999878;-0,002134532;766,7999878;-8,79E-04
716,4000244;-0,001974796;766,4000244;-0,001244418
716;-0,001796132;766;-0,001176166
715,5999756;-0,001398075;765,5999756;-0,001033328
715,2000122;-0,001225936;765,2000122;-8,48E-04
714,7999878;-0,001163051;764,7999878;-0,001036892
714,4000244;-0,000894577;764,4000244;-0,0011915
714;-0,000533338;764;-0,001136201
713,5999756;-0,000370012;763,5999756;-8,61E-04
713,2000122;-5,38E-05;763,2000122;-0,001173016
712,7999878;0,000193826;762,7999878;-0,001221857
712,4000244;0,000481979;762,4000244;-0,001217056
712;0,000697228;762;-9,31E-04
711,5999756;0,001046691;761,5999756;-0,001030901
711,2000122;0,001418873;761,2000122;-8,36E-04
710,7999878;0,001650022;760,7999878;-0,001079603
710,4000244;0,002052968;760,4000244;-0,001121536
710;0,002498438;760;-6,78E-04
709,5999756;0,002845003;759,5999756;-8,77E-04
709,2000122;0,003276211;759,2000122;-8,44E-04
708,7999878;0,003779833;758,7999878;-6,50E-04
708,4000244;0,004229117;758,4000244;-9,61E-04
708;0,004631875;758;-0,001119728
707,5999756;0,004957707;757,5999756;-0,001034981
707,2000122;0,005735571;757,2000122;-8,02E-04
706,7999878;0,006249566;756,7999878;-8,65E-04
706,4000244;0,006740165;756,4000244;-9,25E-04
706;0,007278883;756;-7,64E-04
705,5999756;0,007907943;755,5999756;-8,35E-04
705,2000122;0,008549374;755,2000122;-6,87E-04
704,7999878;0,009095761;754,7999878;-5,16E-04
704,4000244;0,009817184;754,4000244;-6,03E-04
704;0,010866016;754;-6,35E-04
703,5999756;0,011518957;753,5999756;-9,66E-04
703,2000122;0,012495099;753,2000122;-7,15E-04
702,7999878;0,013284779;752,7999878;-5,00E-04
702,4000244;0,014155292;752,4000244;-4,00E-04
702;0,015046339;752;-3,31E-04
701,5999756;0,01615547;751,5999756;-1,77E-04
701,2000122;0,017221896;751,2000122;-5,68E-04
700,7999878;0,018430611;750,7999878;-3,61E-04
700,4000244;0,019640747;750,4000244;-3,24E-04
700;0,020969057;750;-2,14E-04
699,5999756;0,022405086;749,5999756;-3,52E-04
699,2000122;0,023808332;749,2000122;-2,40E-04
698,7999878;0,0255742;748,7999878;-3,83E-04
698,4000244;0,027055508;748,4000244;-7,45E-05
698;0,02877311;748;-5,23E-05
697,5999756;0,030773949;747,5999756;1,47E-04
697,2000122;0,032705139;747,2000122;1,90E-05
696,7999878;0,034751225;746,7999878;7,72E-05
696,4000244;0,037382942;746,4000244;-3,05E-05
696;0,039756108;746;-8,35E-05
695,5999756;0,04233218;745,5999756;2,85E-05
695,2000122;0,045042288;745,2000122;4,12E-04
694,7999878;0,048237715;744,7999878;5,07E-04
694,4000244;0,051282946;744,4000244;4,95E-04
694;0,054609418;744;7,26E-04
693,5999756;0,058373511;743,5999756;4,41E-04
693,2000122;0,062085722;743,2000122;3,28E-04
692,7999878;0,066331558;742,7999878;5,69E-04
692,4000244;0,070619255;742,4000244;7,39E-04
692;0,075186878;742;0,001114422
691,5999756;0,080392979;741,5999756;0,001041968
691,2000122;0,085638501;741,2000122;9,05E-04
690,7999878;0,091224708;740,7999878;0,001201968
690,4000244;0,097405747;740,4000244;0,001487389
690;0,104050398;740;0,00172962
689,5999756;0,110966809;739,5999756;0,001508637
689,2000122;0,118140996;739,2000122;0,001410277
688,7999878;0,125956416;738,7999878;0,001880019
688,4000244;0,134339437;738,4000244;0,001994505
688;0,142934158;738;0,00217416
687,5999756;0,152168527;737,5999756;0,002328149
687,2000122;0,162041247;737,2000122;0,002399958
686,7999878;0,172282338;736,7999878;0,002607931
686,4000244;0,182740599;736,4000244;0,002500026
686;0,193303272;736;0,00251268
685,5999756;0,204635143;735,5999756;0,002672103
685,2000122;0,216163278;735,2000122;0,002964278
684,7999878;0,227884725;734,7999878;0,003172365
684,4000244;0,239614844;734,4000244;0,003344603
684;0,251293719;734;0,003603428
683,5999756;0,262800634;733,5999756;0,003907096
683,2000122;0,274052173;733,2000122;0,004107011
682,7999878;0,285086185;732,7999878;0,004453162
682,4000244;0,295570105;732,4000244;0,004711367
682;0,305320948;732;0,005082278
681,5999756;0,314821929;731,5999756;0,005118501
681,2000122;0,323580951;731,2000122;0,005257739
680,7999878;0,331256777;730,7999878;0,005941107
680,4000244;0,338235855;730,4000244;0,006067509
680;0,344474137;730;0,006199568
679,5999756;0,349764407;729,5999756;0,006710615
679,2000122;0,353996277;729,2000122;0,006794407
678,7999878;0,357581347;728,7999878;0,007270986
678,4000244;0,360548765;728,4000244;0,00742969
678;0,362522185;728;0,008117938
677,5999756;0,363819629;727,5999756;0,008287849
677,2000122;0,364663601;727,2000122;0,00849684
676,7999878;0,364870429;726,7999878;0,008814094
676,4000244;0,364487797;726,4000244;0,009388297
676;0,363704234;726;0,009969616
675,5999756;0,362927616;725,5999756;0,010469106
675,2000122;0,361518949;725,2000122;0,011112659
674,7999878;0,35988614;724,7999878;0,011407062
674,4000244;0,358064622;724,4000244;0,011886712
674;0,355550319;724;0,012577775
673,5999756;0,353220254;723,5999756;0,012979312
673,2000122;0,350594699;723,2000122;0,013617384
672,7999878;0,34773171;722,7999878;0,014281112
672,4000244;0,344592184;722,4000244;0,015039371
672;0,341261983;722;0,015613149
671,5999756;0,337598056;721,5999756;0,016090028
671,2000122;0,333499879;721,2000122;0,016752223
670,7999878;0,329376936;720,7999878;0,017421894
670,4000244;0,325286746;720,4000244;0,018171085
670;0,320745617;720;0,018977005
669,5999756;0,316266298;719,5999756;0,019954976
669,2000122;0,311736405;719,2000122;0,020719089
668,7999878;0,306747586;718,7999878;0,021268563
668,4000244;0,301702321;718,4000244;0,022068763
668;0,296537042;718;0,02299851
667,5999756;0,291498333;717,5999756;0,024079047
667,2000122;0,286478549;717,2000122;0,024820143
666,7999878;0,281181216;716,7999878;0,025912674
666,4000244;0,276076645;716,4000244;0,02682093
666;0,270902395;716;0,02793524
665,5999756;0,265818119;715,5999756;0,028973214
665,2000122;0,260620445;715,2000122;0,030296806
664,7999878;0,255720586;714,7999878;0,031183137
664,4000244;0,250718176;714,4000244;0,032523841
664;0,24582614;714;0,033626944
663,5999756;0,241252154;713,5999756;0,034983955
663,2000122;0,23646982;713,2000122;0,036301341
662,7999878;0,231903017;712,7999878;0,037536927
662,4000244;0,227518231;712,4000244;0,038827784
662;0,223459974;712;0,040367942
661,5999756;0,219375521;711,5999756;0,041653521
661,2000122;0,215505511;711,2000122;0,043436136
660,7999878;0,211991295;710,7999878;0,044805769
660,4000244;0,208401814;710,4000244;0,046524115
660;0,20510754;710;0,048140012
659,5999756;0,201876074;709,5999756;0,049888119
659,2000122;0,198998615;709,2000122;0,051799007
658,7999878;0,196066424;708,7999878;0,053645138
658,4000244;0,193478078;708,4000244;0,055660933
658;0,190917864;708;0,057791028
657,5999756;0,18861115;707,5999756;0,059655558
657,2000122;0,186466947;707,2000122;0,061740302
656,7999878;0,184403226;706,7999878;0,064031273
656,4000244;0,182436407;706,4000244;0,066326097
656;0,180634573;706;0,068750858
655,5999756;0,178836614;705,5999756;0,071578391
655,2000122;0,177334577;705,2000122;0,074061468
654,7999878;0,175886467;704,7999878;0,076804422
654,4000244;0,174486652;704,4000244;0,079919077
654;0,173099205;704;0,083159231
653,5999756;0,171838507;703,5999756;0,086252958
653,2000122;0,170428664;703,2000122;0,089824311
652,7999878;0,169288471;702,7999878;0,093565188
652,4000244;0,167951569;702,4000244;0,09728127
652;0,166753277;702;0,101113878
651,5999756;0,165491819;701,5999756;0,105474204
651,2000122;0,163912743;701,2000122;0,109973304
650,7999878;0,162331596;700,7999878;0,114593849
650,4000244;0,160917893;700,4000244;0,119704098
650;0,159207404;700;0,124790765
649,5999756;0,157485768;699,5999756;0,130306065
649,2000122;0,155652165;699,2000122;0,136025399
648,7999878;0,153846473;698,7999878;0,14254792
648,4000244;0,151807845;698,4000244;0,149545133
648;0,149722859;698;0,155967295
647,5999756;0,14745529;697,5999756;0,163590848
647,2000122;0,145388559;697,2000122;0,171238899
646,7999878;0,143105462;696,7999878;0,179084763
646,4000244;0,140819505;696,4000244;0,187426254
646;0,138636962;696;0,196234822
645,5999756;0,136250675;695,5999756;0,205638647
645,2000122;0,133810848;695,2000122;0,215419889
644,7999878;0,13168262;694,7999878;0,225656509
644,4000244;0,129478127;694,4000244;0,236219406
644;0,12732926;694;0,247124031
643,5999756;0,124964654;693,5999756;0,259112328
643,2000122;0,122875392;693,2000122;0,271299511
642,7999878;0,120878495;692,7999878;0,284271807
642,4000244;0,118936755;692,4000244;0,297875226
642;0,116946556;692;0,312110961
641,5999756;0,11510703;691,5999756;0,326598465
641,2000122;0,113150664;691,2000122;0,34144327
640,7999878;0,111362532;690,7999878;0,357654512
640,4000244;0,109765984;690,4000244;0,374073774
640;0,108341776;690;0,391170621
639,5999756;0,1066228;689,5999756;0,408669949
639,2000122;0,105108663;689,2000122;0,426879823
638,7999878;0,103667751;688,7999878;0,445266932
638,4000244;0,102411598;688,4000244;0,464090377
638;0,100977399;688;0,48347798
637,5999756;0,099811465;687,5999756;0,503052056
637,2000122;0,098780893;687,2000122;0,52312845
636,7999878;0,097692631;686,7999878;0,543444753
636,4000244;0,09655448;686,4000244;0,563506901
636;0,095629536;686;0,583445966
635,5999756;0,094891295;685,5999756;0,603369534
635,2000122;0,09396442;685,2000122;0,622953832
634,7999878;0,09338785;684,7999878;0,641735554
634,4000244;0,092613265;684,4000244;0,659961462
634;0,092030868;684;0,677701175
633,5999756;0,091542207;683,5999756;0,69383049
633,2000122;0,091254696;683,2000122;0,708955944
632,7999878;0,090670101;682,7999878;0,722979426
632,4000244;0,090213209;682,4000244;0,735478461
632;0,090136521;682;0,746406555
631,5999756;0,089869931;681,5999756;0,755717516
631,2000122;0,089614928;681,2000122;0,763892293
630,7999878;0,089480385;680,7999878;0,77044332
630,4000244;0,089231588;680,4000244;0,775474191
630;0,089117028;680;0,779429376
629,5999756;0,089077465;679,5999756;0,781874716
629,2000122;0,089056902;679,2000122;0,783194125
628,7999878;0,088862911;678,7999878;0,783055961
628,4000244;0,088757247;678,4000244;0,782511413
628;0,088747181;678;0,78107971
627,5999756;0,088566467;677,5999756;0,778302133
627,2000122;0,088454276;677,2000122;0,774835944
626,7999878;0,08852841;676,7999878;0,771024287
626,4000244;0,088396303;676,4000244;0,766591251
626;0,08820416;676;0,761328459
625,5999756;0,088036798;675,5999756;0,756091058
625,2000122;0,087845229;675,2000122;0,750115216
624,7999878;0,087804005;674,7999878;0,743686557
624,4000244;0,087573804;674,4000244;0,737422943
624;0,087496758;674;0,730631709
623,5999756;0,0871436;673,5999756;0,723576486
623,2000122;0,086912036;673,2000122;0,715782821
622,7999878;0,086804695;672,7999878;0,70845592
622,4000244;0,086424276;672,4000244;0,700848162
622;0,086121313;672;0,692679763
621,5999756;0,085630715;671,5999756;0,68443805
621,2000122;0,085285716;671,2000122;0,675777733
620,7999878;0,085043713;670,7999878;0,666988969
620,4000244;0,084611289;670,4000244;0,657794058
620;0,084258556;670;0,648770809
619,5999756;0,083886132;669,5999756;0,639121294
619,2000122;0,083577938;669,2000122;0,629209399
618,7999878;0,083090015;668,7999878;0,619328678
618,4000244;0,082503587;668,4000244;0,608896792
618;0,082173102;668;0,598524392
617,5999756;0,081513733;667,5999756;0,587461948
617,2000122;0,081132546;667,2000122;0,576583505
616,7999878;0,0807098;666,7999878;0,565768778
616,4000244;0,08003179;666,4000244;0,554156959
616;0,079454571;666;0,542763829
615,5999756;0,07882309;665,5999756;0,531310022
615,2000122;0,078345686;665,2000122;0,519392729
614,7999878;0,077922568;664,7999878;0,507639408
614,4000244;0,077292874;664,4000244;0,495968372
614;0,076664127;664;0,484319925
613,5999756;0,076315403;663,5999756;0,472525209
613,2000122;0,075745165;663,2000122;0,46096006
612,7999878;0,075134963;662,7999878;0,449439168
612,4000244;0,074609116;662,4000244;0,437696904
612;0,074228995;662;0,426619649
611,5999756;0,073485382;661,5999756;0,415854365
611,2000122;0,073272906;661,2000122;0,404825896
610,7999878;0,072724245;660,7999878;0,394342095
610,4000244;0,072264381;660,4000244;0,383779526
610;0,071713999;660;0,373714745
609,5999756;0,071208566;659,5999756;0,364367098
609,2000122;0,070803985;659,2000122;0,35530296
608,7999878;0,070254959;658,7999878;0,346062481
608,4000244;0,069850326;658,4000244;0,337688148
608;0,069321118;658;0,329657853
607,5999756;0,068869509;657,5999756;0,321763337
607,2000122;0,068485707;657,2000122;0,314173013
606,7999878;0,068106905;656,7999878;0,307058215
606,4000244;0,067702241;656,4000244;0,300132722
606;0,067333005;656;0,294362217
605,5999756;0,067060411;655,5999756;0,287993789
605,2000122;0,066562086;655,2000122;0,282480359
604,7999878;0,066282317;654,7999878;0,276994765
604,4000244;0,066156678;654,4000244;0,272055447
604;0,065777853;654;0,267142981
603,5999756;0,065518036;653,5999756;0,262656093
603,2000122;0,06499327;653,2000122;0,258286089
602,7999878;0,064834379;652,7999878;0,254375011
602,4000244;0,064590439;652,4000244;0,250716984
602;0,064451151;652;0,24705869
601,5999756;0,06417238;651,5999756;0,243493766
601,2000122;0,06403292;651,2000122;0,240213156
600,7999878;0,063814022;650,7999878;0,237134248
600,4000244;0,063855246;650,4000244;0,234207764
600;0,063628674;650;0,231124923
599,5999756;0,063448288;649,5999756;0,228554308
599,2000122;0,063232943;649,2000122;0,225679755
598,7999878;0,06286519;648,7999878;0,223125666
598,4000244;0,062702045;648,4000244;0,220798001
598;0,062580794;648;0,218501881
597,5999756;0,062354732;647,5999756;0,216158509
597,2000122;0,062204447;647,2000122;0,21431537
596,7999878;0,061995331;646,7999878;0,212150455
596,4000244;0,061902393;646,4000244;0,210418075
596;0,061884783;646;0,208424196
595,5999756;0,061573554;645,5999756;0,206844136
595,2000122;0,061507966;645,2000122;0,205203489
594,7999878;0,061344709;644,7999878;0,203973055
594,4000244;0,061097417;644,4000244;0,202472702
594;0,06096106;644;0,201119229
593,5999756;0,060748197;643,5999756;0,199969828
593,2000122;0,060519546;643,2000122;0,199045733
592,7999878;0,060371593;642,7999878;0,198107749
592,4000244;0,06009474;642,4000244;0,197515324
592;0,059792157;642;0,19685258
591,5999756;0,059533607;641,5999756;0,195753321
591,2000122;0,05924011;641,2000122;0,195212215
590,7999878;0,059075981;640,7999878;0,194641396
590,4000244;0,058919922;640,4000244;0,194094315
590;0,05848261;640;0,194094345
589,5999756;0,05828321;639,5999756;0,193429902
589,2000122;0,057904534;639,2000122;0,192986384
588,7999878;0,057646159;638,7999878;0,192789018
588,4000244;0,057216089;638,4000244;0,192799345
588;0,056938145;638;0,192378804
587,5999756;0,056802969;637,5999756;0,192376062
587,2000122;0,056515086;637,2000122;0,192518905
586,7999878;0,055984057;636,7999878;0,192490324
586,4000244;0,055568047;636,4000244;0,192019925
586;0,055465326;636;0,192109793
585,5999756;0,055145789;635,5999756;0,19208546
585,2000122;0,054651454;635,2000122;0,192124739
584,7999878;0,054263495;634,7999878;0,192185789
584,4000244;0,053811945;634,4000244;0,192104757
584;0,053626981;634;0,192261264
583,5999756;0,053107455;633,5999756;0,192419887
583,2000122;0,052747704;633,2000122;0,192667857
582,7999878;0,052421689;632,7999878;0,192651361
582,4000244;0,05204447;632,4000244;0,192727685
582;0,051705632;632;0,192783967
581,5999756;0,051261682;631,5999756;0,192766294
581,2000122;0,050902378;631,2000122;0,193080291
580,7999878;0,050571114;630,7999878;0,192919686
580,4000244;0,050181929;630,4000244;0,193022102
580;0,049713179;630;0,192765087
579,5999756;0,049470246;629,5999756;0,192711234
579,2000122;0,049069118;629,2000122;0,192419156
578,7999878;0,048526965;628,7999878;0,192378879
578,4000244;0,048059218;628,4000244;0,192141905
578;0,047677822;628;0,19202891
577,5999756;0,047148366;627,5999756;0,1916302
577,2000122;0,046717204;627,2000122;0,191095039
576,7999878;0,046315558;626,7999878;0,190889299
576,4000244;0,045875702;626,4000244;0,190419674
576;0,045378353;626;0,19018817
575,5999756;0,044857029;625,5999756;0,190000296
575,2000122;0,044372913;625,2000122;0,18971765
574,7999878;0,044166163;624,7999878;0,188646913
574,4000244;0,043572366;624,4000244;0,188066214
574;0,043041144;624;0,187612981
573,5999756;0,042538319;623,5999756;0,186767936
573,2000122;0,04207914;623,2000122;0,186281994
572,7999878;0,04143063;622,7999878;0,185141057
572,4000244;0,041070659;622,4000244;0,18439135
572;0,040532313;622;0,183531731
571,5999756;0,040066987;621,5999756;0,182951197
571,2000122;0,039275035;621,2000122;0,181427538
570,7999878;0,038865689;620,7999878;0,180429533
570,4000244;0,038518809;620,4000244;0,179367811
570;0,038015515;620;0,178369016
569,5999756;0,037529137;619,5999756;0,177051649
569,2000122;0,037116073;619,2000122;0,175793603
568,7999878;0,036849033;618,7999878;0,174870357
568,4000244;0,036232986;618,4000244;0,173343524
568;0,035751104;618;0,172264904
567,5999756;0,035070464;617,5999756;0,171046332
567,2000122;0,034687713;617,2000122;0,169486105
566,7999878;0,034319192;616,7999878;0,167835802
566,4000244;0,033817463;616,4000244;0,166477382
566;0,033270445;616;0,164823368
565,5999756;0,032910388;615,5999756;0,163137108
565,2000122;0,032624263;615,2000122;0,161607638
564,7999878;0,032168359;614,7999878;0,16022642
564,4000244;0,031886037;614,4000244;0,158340037
564;0,0312966;614;0,156448588
563,5999756;0,031033779;613,5999756;0,155013368
563,2000122;0,03093292;613,2000122;0,153360859
562,7999878;0,030484285;612,7999878;0,151818529
562,4000244;0,030176029;612,4000244;0,150453508
562;0,029994952;612;0,148744151
561,5999756;0,029767402;611,5999756;0,147325382
561,2000122;0,029283913;611,2000122;0,145699367
560,7999878;0,029187558;610,7999878;0,144184172
560,4000244;0,028985307;610,4000244;0,142628774
560;0,028899226;610;0,141588375
559,5999756;0,028653501;609,5999756;0,13983421
559,2000122;0,028360715;609,2000122;0,138421863
558,7999878;0,028151723;608,7999878;0,137074575
558,4000244;0,027975215;608,4000244;0,135728926
558;0,027902612;608;0,134444162
557,5999756;0,027875395;607,5999756;0,133091867
557,2000122;0,027562888;607,2000122;0,132031247
556,7999878;0,027390892;606,7999878;0,130810916
556,4000244;0,027513932;606,4000244;0,129544199
556;0,027593946;606;0,128934637
555,5999756;0,027385516;605,5999756;0,127883613
555,2000122;0,027234454;605,2000122;0,12701796
554,7999878;0,027258048;604,7999878;0,12593469
554,4000244;0,02718446;604,4000244;0,125249341
554;0,027187273;604;0,124299273
553,5999756;0,027319545;603,5999756;0,123906598
553,2000122;0,02721756;603,2000122;0,123212159
552,7999878;0,02724942;602,7999878;0,122589685
552,4000244;0,027332941;602,4000244;0,122058608
552;0,027424255;602;0,121189557
551,5999756;0,027099259;601,5999756;0,1205943
551,2000122;0,02723247;601,2000122;0,120121665
550,7999878;0,02718471;600,7999878;0,119825006
550,4000244;0,027112871;600,4000244;0,119567446
550;0,027426075;600;0,119272254
549,5999756;0,027489802;599,5999756;0,118912347
549,2000122;0,027305376;599,2000122;0,118389145
548,7999878;0,027461287;598,7999878;0,118299671
548,4000244;0,027348794;598,4000244;0,118126147
548;0,027592292;598;0,117709778
547,5999756;0,027646415;597,5999756;0,11750304
547,2000122;0,027728191;597,2000122;0,117124967
546,7999878;0,027662968;596,7999878;0,11667908
546,4000244;0,027483623;596,4000244;0,116764903
546;0,027671576;596;0,116504818
545,5999756;0,027777227;595,5999756;0,11646542
545,2000122;0,027853426;595,2000122;0,116264507
544,7999878;0,027854888;594,7999878;0,116062239
544,4000244;0,028002769;594,4000244;0,115761578
544;0,028118581;594;0,115431212
543,5999756;0,027922239;593,5999756;0,115375564
543,2000122;0,027975492;593,2000122;0,114748061
542,7999878;0,027965553;592,7999878;0,114701673
542,4000244;0,027956938;592,4000244;0,113971986
542;0,027934577;592;0,114027485
541,5999756;0,027993355;591,5999756;0,113619939
541,2000122;0,027991174;591,2000122;0,113302752
540,7999878;0,027948491;590,7999878;0,112862788
540,4000244;0,028015388;590,4000244;0,112698771
540;0,027955836;590;0,112240747
539,5999756;0,028038885;589,5999756;0,111651361
539,2000122;0,027942169;589,2000122;0,111220449
538,7999878;0,028146891;588,7999878;0,111193165
538,4000244;0,028016685;588,4000244;0,110624969
538;0,028074672;588;0,110232577
537,5999756;0,027957989;587,5999756;0,109521478
537,2000122;0,027985238;587,2000122;0,109226577
536,7999878;0,028208209;586,7999878;0,108923063
536,4000244;0,028020633;586,4000244;0,10831447
536;0,028112616;586;0,107569456
535,5999756;0,028212298;585,5999756;0,10706225
535,2000122;0,028232407;585,2000122;0,106442139
534,7999878;0,028401863;584,7999878;0,105679594
534,4000244;0,028474357;584,4000244;0,105100587
534;0,028660912;584;0,104435623
533,5999756;0,028724903;583,5999756;0,103833415
533,2000122;0,028969618;583,2000122;0,103311405
532,7999878;0,029035231;582,7999878;0,102482848
532,4000244;0,029069634;582,4000244;0,101833232
532;0,02923302;582;0,101215735
531,5999756;0,029387271;581,5999756;0,100419171
531,2000122;0,029621467;581,2000122;0,099702746
530,7999878;0,029797565;580,7999878;0,098927706
530,4000244;0,030095289;580,4000244;0,0979077
530;0,030349519;580;0,097148225
529,5999756;0,030643232;579,5999756;0,096550599
529,2000122;0,030838087;579,2000122;0,095531307
528,7999878;0,031104321;578,7999878;0,094603777
528,4000244;0,031470124;578,4000244;0,093809448
528;0,031714354;578;0,092743933
527,5999756;0,032099482;577,5999756;0,091924585
527,2000122;0,032597978;577,2000122;0,090761937
526,7999878;0,032957189;576,7999878;0,089774303
526,4000244;0,033443641;576,4000244;0,089118809
526;0,033862572;576;0,088044629
525,5999756;0,034260198;575,5999756;0,086904511
525,2000122;0,035006259;575,2000122;0,086228646
524,7999878;0,035631917;574,7999878;0,084982768
524,4000244;0,035966966;574,4000244;0,083704285
524;0,036632594;574;0,082957953
523,5999756;0,037425548;573,5999756;0,081789434
523,2000122;0,03794542;573,2000122;0,080645427
522,7999878;0,038614571;572,7999878;0,079650223
522,4000244;0,03946371;572,4000244;0,078701034
522;0,040174589;572;0,077447362
521,5999756;0,040917408;571,5999756;0,076580964
521,2000122;0,041858736;571,2000122;0,075730465
520,7999878;0,04274904;570,7999878;0,074844047
520,4000244;0,043810759;570,4000244;0,073803239
520;0,04481478;570;0,072735265
519,5999756;0,045890201;569,5999756;0,07158196
519,2000122;0,04686949;569,2000122;0,070789203
518,7999878;0,047799289;568,7999878;0,069791652
518,4000244;0,049032893;568,4000244;0,06892921
518;0,050200205;568;0,067996457
517,5999756;0,051326673;567,5999756;0,067239642
517,2000122;0,052476984;567,2000122;0,066186465
516,7999878;0,053900704;566,7999878;0,06535098
516,4000244;0,055272747;566,4000244;0,06469357
516;0,056565713;566;0,063694224
515,5999756;0,057949644;565,5999756;0,063210279
515,2000122;0,059704117;565,2000122;0,062472306
514,7999878;0,061032437;564,7999878;0,061868694
514,4000244;0,062518939;564,4000244;0,061320826
514;0,064101413;564;0,060466938
513,5999756;0,066194788;563,5999756;0,05989876
513,2000122;0,067577071;563,2000122;0,059334114
512,7999878;0,069456846;562,7999878;0,059002794
512,4000244;0,071128786;562,4000244;0,058286376
512;0,073145241;562;0,057833761
511,6000061;0,075114958;561,5999756;0,05713468
511,1999817;0,077135354;561,2000122;0,05685664
510,7999878;0,079139538;560,7999878;0,05658491
510,3999939;0,081174113;560,4000244;0,056266993
510;0,083450712;560;0,055810027
509,6000061;0,085683405;559,5999756;0,055671673
509,1999817;0,088027097;559,2000122;0,055216629
508,7999878;0,090299979;558,7999878;0,054994717
508,3999939;0,09294951;558,4000244;0,054600466
508;0,095283374;558;0,054569118
507,6000061;0,097715288;557,5999756;0,05476338
507,1999817;0,10043405;557,2000122;0,054455042
506,7999878;0,102981679;556,7999878;0,054078836
506,3999939;0,105735429;556,4000244;0,053942058
506;0,108662903;556;0,053871222
505,6000061;0,111554861;555,5999756;0,053627156
505,1999817;0,114445314;555,2000122;0,053624433
504,7999878;0,117314674;554,7999878;0,053519592
504,3999939;0,120510489;554,4000244;0,053492833
504;0,123608753;554;0,053354833
503,6000061;0,126731947;553,5999756;0,053278562
503,1999817;0,130095661;553,2000122;0,053557545
502,7999878;0,133441016;552,7999878;0,053245876
502,3999939;0,136761814;552,4000244;0,053375117
502;0,140271634;552;0,053467184
501,6000061;0,14381142;551,5999756;0,053642824
501,1999817;0,14739117;551,2000122;0,053717401
500,7999878;0,15120551;550,7999878;0,053696282
500,3999939;0,154912174;550,4000244;0,053626657
500;0,158729389;550;0,053895839
499,6000061;0,16232574;549,5999756;0,054073852
499,1999817;0,166318014;549,2000122;0,05416334
498,7999878;0,170327723;548,7999878;0,054187067
498,3999939;0,174369648;548,4000244;0,05428664
498;0,178406805;548;0,054656826
497,6000061;0,182451099;547,5999756;0,054815095
497,1999817;0,186721981;547,2000122;0,054792657
496,7999878;0,190810934;546,7999878;0,054981645
496,3999939;0,19502686;546,4000244;0,055075727
496;0,199357823;546;0,055194553
495,6000061;0,203497917;545,5999756;0,055338196
495,1999817;0,207614616;545,2000122;0,055690184
494,7999878;0,211957097;544,7999878;0,055537276
494,3999939;0,216366962;544,4000244;0,055835962
494;0,220519841;544;0,056126017
493,6000061;0,224641815;543,5999756;0,056342464
493,1999817;0,229002237;543,2000122;0,056477524
492,7999878;0,232919246;542,7999878;0,056846458
492,3999939;0,236787736;542,4000244;0,05695786
492;0,240778267;542;0,057246126
491,6000061;0,244827449;541,5999756;0,057388764
491,1999817;0,248623326;541,2000122;0,057723232
490,7999878;0,25219363;540,7999878;0,058100328
490,3999939;0,255905062;540,4000244;0,058144953
490;0,259351611;540;0,058660142
489,6000061;0,262756676;539,5999756;0,058962289
489,1999817;0,266164184;539,2000122;0,058975603
488,7999878;0,269089669;538,7999878;0,059276637
488,3999939;0,272056639;538,4000244;0,05939807
488;0,275003642;538;0,059845842
487,6000061;0,277843118;537,5999756;0,060171533
487,1999817;0,280133218;537,2000122;0,060267668
486,7999878;0,282611489;536,7999878;0,060698241
486,3999939;0,284975708;536,4000244;0,061525114
486;0,287065268;536;0,061526876
485,6000061;0,289231718;535,5999756;0,061728366
485,1999817;0,291197777;535,2000122;0,062424991
484,7999878;0,292948127;534,7999878;0,063053563
484,3999939;0,294824719;534,4000244;0,063156895
484;0,296591371;534;0,064012825
483,6000061;0,298211753;533,5999756;0,064340964
483,1999817;0,299712122;533,2000122;0,065318786
482,7999878;0,301086187;532,7999878;0,065690942
482,3999939;0,302581936;532,4000244;0,06648156
482;0,303824365;532;0,067018278
481,6000061;0,305199951;531,5999756;0,067738637
481,1999817;0,306452155;531,2000122;0,068466254
480,7999878;0,307873458;530,7999878;0,069488831
480,3999939;0,309120446;530,4000244;0,070447326
480;0,310288072;530;0,071194537
479,6000061;0,311799258;529,5999756;0,072100148
479,1999817;0,31321165;529,2000122;0,073153757
478,7999878;0,314499348;528,7999878;0,074399598
478,3999939;0,315946281;528,4000244;0,075405896
478;0,317509741;528;0,076733001
477,6000061;0,318882316;527,5999756;0,077812508
477,1999817;0,320522219;527,2000122;0,079232857
476,7999878;0,322162777;526,7999878;0,080666535
476,3999939;0,323864132;526,4000244;0,082172163
476;0,325359941;526;0,083407894
475,6000061;0,326883495;525,5999756;0,085105903
475,1999817;0,32854113;525,2000122;0,086969495
474,7999878;0,330151975;524,7999878;0,088457353
474,3999939;0,331436008;524,4000244;0,090130918
474;0,332951248;524;0,092272215
473,6000061;0,33433488;523,5999756;0,094132572
473,1999817;0,335619628;523,2000122;0,096220434
472,7999878;0,336850405;522,7999878;0,098495498
472,3999939;0,338036895;522,4000244;0,100529246
472;0,338855952;522;0,102945089
471,6000061;0,33954519;521,5999756;0,105111368
471,1999817;0,340240926;521,2000122;0,107559741
470,7999878;0,340859324;520,7999878;0,10986425
470,3999939;0,341215044;520,4000244;0,112462238
470;0,341593325;520;0,114853673
469,6000061;0,341671616;519,5999756;0,117700785
469,1999817;0,341648608;519,2000122;0,120218448
468,7999878;0,341848344;518,7999878;0,122903459
468,3999939;0,341504544;518,4000244;0,12565133
468;0,341137797;518;0,128256112
467,6000061;0,340765506;517,5999756;0,131517127
467,1999817;0,340462536;517,2000122;0,134435564
466,7999878;0,339781642;516,7999878;0,137505308
466,3999939;0,339208305;516,4000244;0,140326411
466;0,338561952;516;0,14372842
465,6000061;0,337836653;515,5999756;0,146981314
465,1999817;0,33711192;515,2000122;0,15010339
464,7999878;0,336639136;514,7999878;0,153577372
464,3999939;0,335815132;514,4000244;0,15676029
464;0,335025191;514;0,159955457
463,6000061;0,33415693;513,5999756;0,163131565
463,1999817;0,333504677;513,2000122;0,166497856
462,7999878;0,332957536;512,7999878;0,170038059
462,3999939;0,332406521;512,4000244;0,17348592
462;0,331730217;512;0,177292377
461,6000061;0,331081241;511,6000061;0,180439264
461,1999817;0,33063072;511,1999817;0,18406032
460,7999878;0,330171585;510,7999878;0,18776001
460,3999939;0,32982105;510,3999939;0,191494957
460;0,32972005;510;0,194758967
459,6000061;0,329520732;509,6000061;0,198490381
459,1999817;0,329774797;509,1999817;0,202511534
458,7999878;0,329935759;508,7999878;0,206165388
458,3999939;0,329994202;508,3999939;0,209819749
458;0,330415994;508;0,213457838
457,6000061;0,331014186;507,6000061;0,217228711
457,1999817;0,331782639;507,1999817;0,220823824
456,7999878;0,332758516;506,7999878;0,22433351
456,3999939;0,333827198;506,3999939;0,228088155
456;0,335403681;506;0,232149765
455,6000061;0,336888641;505,6000061;0,236045331
455,1999817;0,338858038;505,1999817;0,239742905
454,7999878;0,340988696;504,7999878;0,243296728
454,3999939;0,34333691;504,3999939;0,246870965
454;0,345943481;504;0,250838697
453,6000061;0,34900555;503,6000061;0,254320145
453,1999817;0,352509171;503,1999817;0,257923633
452,7999878;0,356056452;502,7999878;0,261393189
452,3999939;0,359956503;502,3999939;0,26513496
452;0,364477515;502;0,26848805
451,6000061;0,369185478;501,6000061;0,271711052
451,1999817;0,374423236;501,1999817;0,274963677
450,7999878;0,379753768;500,7999878;0,278236687
450,3999939;0,385619074;500,3999939;0,281145215
450;0,391761869;500;0,284005642
449,6000061;0,398257673;499,6000061;0,287336737
449,1999817;0,404884249;499,1999817;0,290223271
448,7999878;0,412382275;498,7999878;0,292947918
448,3999939;0,41972065;498,3999939;0,295618624
448;0,427358508;498;0,298071533
447,6000061;0,435259253;497,6000061;0,30082041
447,1999817;0,443370611;497,1999817;0,3034679
446,7999878;0,451632202;496,7999878;0,305818737
446,3999939;0,460285097;496,3999939;0,308076412
446;0,469153047;496;0,310581327
445,6000061;0,47793898;495,6000061;0,312481403
445,1999817;0,486649603;495,1999817;0,314591885
444,7999878;0,495079905;494,7999878;0,316809684
444,3999939;0,503507376;494,3999939;0,318783045
444;0,511645794;494;0,320625514
443,6000061;0,519939005;493,6000061;0,32253623
443,1999817;0,527908027;493,1999817;0,324170619
442,7999878;0,535506547;492,7999878;0,325952739
442,3999939;0,542774856;492,3999939;0,327538401
442;0,549474239;492;0,32950744
441,6000061;0,55599457;491,6000061;0,331261694
441,1999817;0,562101781;491,1999817;0,333086908
440,7999878;0,56761533;490,7999878;0,334900856
440,3999939;0,572883427;490,3999939;0,336376578
440;0,577614188;490;0,337947846
439,6000061;0,58160466;489,6000061;0,339838892
439,1999817;0,585250318;489,1999817;0,341252118
438,7999878;0,588249981;488,7999878;0,34288168
438,3999939;0,590880573;488,3999939;0,344808281
438;0,593259454;488;0,346598148
437,6000061;0,594988823;487,6000061;0,348664343
437,1999817;0,595839918;487,1999817;0,350150704
436,7999878;0,596648395;486,7999878;0,352109879
436,3999939;0,596775591;486,3999939;0,353745312
436;0,596203148;486;0,355657637
435,6000061;0,595339119;485,6000061;0,357780755
435,1999817;0,594213784;485,1999817;0,359557003
434,7999878;0,592753589;484,7999878;0,361653119
434,3999939;0,590736628;484,3999939;0,363796443
434;0,588537037;484;0,366136789
433,6000061;0,585848749;483,6000061;0,368289262
433,1999817;0,58282876;483,1999817;0,370629042
432,7999878;0,579540551;482,7999878;0,373044789
432,3999939;0,575923801;482,3999939;0,375781864
432;0,572024465;482;0,378131777
431,6000061;0,568221152;481,6000061;0,380625814
431,1999817;0,564016938;481,1999817;0,383760274
430,7999878;0,559467852;480,7999878;0,386243105
430,3999939;0,555132985;480,3999939;0,389085293
430;0,550746322;480;0,392374873
429,6000061;0,54610908;479,6000061;0,395315349
429,1999817;0,541699231;479,1999817;0,398646385
428,7999878;0,537389159;478,7999878;0,401570499
428,3999939;0,533091784;478,3999939;0,40465951
428;0,528754652;478;0,407846093
427,6000061;0,524521291;477,6000061;0,411289305
427,1999817;0,520660043;477,1999817;0,414753556
426,7999878;0,516570628;476,7999878;0,417994857
426,3999939;0,513167977;476,3999939;0,420478851
426;0,509507537;476;0,423438221
425,6000061;0,506168902;475,6000061;0,426475078
425,1999817;0,503250837;475,1999817;0,429349393
424,7999878;0,50037396;474,7999878;0,432291687
424,3999939;0,497883111;474,3999939;0,434744686
424;0,495387584;474;0,437474102
423,6000061;0,492959231;473,6000061;0,439794391
423,1999817;0,490864098;473,1999817;0,442033291
422,7999878;0,48891598;472,7999878;0,444198281
422,3999939;0,486918807;472,3999939;0,445817381
422;0,485086024;472;0,447502971
421,6000061;0,483651549;471,6000061;0,449144691
421,1999817;0,482085645;471,1999817;0,450977534
420,7999878;0,480589658;470,7999878;0,451899767
420,3999939;0,479072958;470,3999939;0,453134507
420;0,477500975;470;0,454295456
419,6000061;0,476129443;469,6000061;0,45503661
419,1999817;0,474594712;469,1999817;0,455782473
418,7999878;0,473021746;468,7999878;0,456397206
418,3999939;0,471526086;468,3999939;0,456758142
418;0,469823837;468;0,457192898
417,6000061;0,467868686;467,6000061;0,457464755
417,1999817;0,465981305;467,1999817;0,457578957
416,7999878;0,463971853;466,7999878;0,457777828
416,3999939;0,462097079;466,3999939;0,45786494
416;0,459764719;466;0,45791778
415,6000061;0,457428575;465,6000061;0,457957983
415,1999817;0,454845697;465,1999817;0,457855731
414,7999878;0,452245921;464,7999878;0,457941592
414,3999939;0,449362308;464,3999939;0,458328307
414;0,446554601;464;0,458477765
413,6000061;0,443305463;463,6000061;0,458281577
413,1999817;0,440302134;463,1999817;0,458224237
412,7999878;0,43693924;462,7999878;0,458730668
412,3999939;0,433328748;462,3999939;0,459042668
412;0,42973429;462;0,459605932
411,6000061;0,426074624;461,6000061;0,460539937
411,1999817;0,422175884;461,1999817;0,46136117
410,7999878;0,417957842;460,7999878;0,462781996
410,3999939;0,414155573;460,3999939;0,464202017
410;0,409831315;460;0,46571365
409,6000061;0,405681312;459,6000061;0,467824161
409,1999817;0,401521057;459,1999817;0,470596999
408,7999878;0,397104353;458,7999878;0,473422051
408,3999939;0,392657191;458,3999939;0,476661831
408;0,388436139;458;0,480300933
407,6000061;0,38401854;457,6000061;0,484637857
407,1999817;0,379774004;457,1999817;0,489435285
406,7999878;0,375529587;456,7999878;0,494959891
406,3999939;0,371156871;456,3999939;0,500838876
406;0,367135137;456;0,507322669
405,6000061;0,363056034;455,6000061;0,514768302
405,1999817;0,358858913;455,1999817;0,522996247
404,7999878;0,354951829;454,7999878;0,531738639
404,3999939;0,351215035;454,3999939;0,541392684
404;0,347494632;454;0,55148685
403,6000061;0,343715578;453,6000061;0,563064516
403,1999817;0,340403348;453,1999817;0,575459003
402,7999878;0,337158769;452,7999878;0,58831358
402,3999939;0,333875001;452,3999939;0,601809263
402;0,330775797;452;0,616395235
401,6000061;0,327943802;451,6000061;0,631811023
401,1999817;0,325420737;451,1999817;0,648208618
400,7999878;0,322917104;450,7999878;0,665041208
400,3999939;0,320351064;450,3999939;0,682424247
400;0,318216652;450;0,70019567
399,6000061;0,315936178;449,6000061;0,719485045
399,1999817;0,314089924;449,1999817;0,739121079
398,7999878;0,312155128;448,7999878;0,758702159
398,3999939;0,310529292;448,3999939;0,779234767
398;0,308845341;448;0,799801946
397,6000061;0,307485312;447,6000061;0,820313811
397,1999817;0,30639863;447,1999817;0,84074527
396,7999878;0,305125177;446,7999878;0,861913323
396,3999939;0,304106921;446,3999939;0,882555604
396;0,303293049;446;0,902803659
395,6000061;0,302590609;445,6000061;0,923166871
395,1999817;0,301686943;445,1999817;0,943207085
394,7999878;0,300924599;444,7999878;0,962103844
394,3999939;0,300467193;444,3999939;0,979992509
394;0,300065368;444;0,997444272
393,6000061;0,299547404;443,6000061;1,014546514
393,1999817;0,299074829;443,1999817;1,030498981
392,7999878;0,298813671;442,7999878;1,046025753
392,3999939;0,298592836;442,3999939;1,060457349
392;0,298214406;442;1,073323369
391,6000061;0,298101932;441,6000061;1,085113764
391,1999817;0,298035294;441,1999817;1,09627378
390,7999878;0,297502786;440,7999878;1,105904341
390,3999939;0,297485799;440,3999939;1,115062594
390;0,297489703;440;1,122744083
389,6000061;0,297403246;439,6000061;1,12927568
389,1999817;0,297314584;439,1999817;1,134144068
388,7999878;0,297236204;438,7999878;1,138505459
388,3999939;0,297114849;438,3999939;1,142167926
388;0,296896905;438;1,144230843
387,6000061;0,296417207;437,6000061;1,145471692
387,1999817;0,296484113;437,1999817;1,145487547
386,7999878;0,296554864;436,7999878;1,144753695
386,3999939;0,29624939;436,3999939;1,14334023
386;0,296232939;436;1,140522242
385,6000061;0,295830578;435,6000061;1,137854457
385,1999817;0,295511216;435,1999817;1,13378036
384,7999878;0,295242012;434,7999878;1,129178405
384,3999939;0,295037001;434,3999939;1,124121666
384;0,294784367;434;1,118464828
383,6000061;0,294029325;433,6000061;1,112465739
383,1999817;0,293560475;433,1999817;1,106181264
382,7999878;0,29313907;432,7999878;1,09947288
382,3999939;0,2923733;432,3999939;1,092429757
382;0,291741252;432;1,085577488
381,6000061;0,291205794;431,6000061;1,07795918
381,1999817;0,290155858;431,1999817;1,07085073
380,7999878;0,289379537;430,7999878;1,064056158
380,3999939;0,288449466;430,3999939;1,056687593
380;0,287509441;430;1,049450278
379,6000061;0,286586016;429,6000061;1,042629004
379,1999817;0,285283208;429,1999817;1,03608954
378,7999878;0,28402549;428,7999878;1,029887915
378,3999939;0,283009589;428,3999939;1,023831606
378;0,281587899;428;1,018499136
377,6000061;0,280336082;427,6000061;1,013177872
377,1999817;0,278977782;427,1999817;1,008178353
376,7999878;0,277646989;426,7999878;1,003741264
376,3999939;0,276194155;426,3999939;0,999111652
376;0,274700761;426;0,995186329
375,6000061;0,273345262;425,6000061;0,991934955
375,1999817;0,271793544;425,1999817;0,988702893
374,7999878;0,270247996;424,7999878;0,985465646
374,3999939;0,268559188;424,3999939;0,983116686
374;0,267299444;424;0,981098235
373,6000061;0,265471339;423,6000061;0,978646457
373,1999817;0,264152527;423,1999817;0,976722479
372,7999878;0,262614816;422,7999878;0,974891424
372,3999939;0,261044949;422,3999939;0,97292167
372;0,259566993;422;0,971010208
371,6000061;0,258157581;421,6000061;0,969794869
371,1999817;0,257020742;421,1999817;0,967827201
370,7999878;0,255473018;420,7999878;0,965773821
370,3999939;0,254133374;420,3999939;0,964366913
370;0,252671123;420;0,962274432
369,6000061;0,251635522;419,6000061;0,96037668
369,1999817;0,250175327;419,1999817;0,958141089
368,7999878;0,249097541;418,7999878;0,955328763
368,3999939;0,24785687;418,3999939;0,952722073
368;0,246477589;418;0,949512839
367,6000061;0,245417789;417,6000061;0,945917547
367,1999817;0,244426578;417,1999817;0,942450523
366,7999878;0,243283853;416,7999878;0,938221455
366,3999939;0,241942331;416,3999939;0,933898032
366;0,241082564;416;0,929200947
365,6000061;0,240023807;415,6000061;0,924215317
365,1999817;0,238897577;415,1999817;0,918586969
364,7999878;0,238147184;414,7999878;0,913212359
364,3999939;0,237095505;414,3999939;0,906535506
364;0,236170664;414;0,900315583
363,6000061;0,23511757;413,6000061;0,893447399
363,1999817;0,234260142;413,1999817;0,886525631
362,7999878;0,233346671;412,7999878;0,879100442
362,3999939;0,232388705;412,3999939;0,872037649
362;0,231281459;412;0,864244402
361,6000061;0,230198845;411,6000061;0,856026888
361,1999817;0,229511708;411,1999817;0,847666562
360,7999878;0,228632882;410,7999878;0,839231551
360,3999939;0,2278817;410,3999939;0,830778182
360;0,227078691;410;0,822619259
359,6000061;0,226202101;409,6000061;0,813822329
359,1999817;0,224999756;409,1999817;0,805389345
358,7999878;0,224338442;408,7999878;0,796700358
358,3999939;0,223745167;408,3999939;0,788522959
358;0,222992629;408;0,779828012
357,6000061;0,221863017;407,6000061;0,771599293
357,1999817;0,221554935;407,1999817;0,763603807
356,7999878;0,220947281;406,7999878;0,755623043
356,3999939;0,220555842;406,3999939;0,747711062
356;0,220105186;406;0,739759803
355,6000061;0,219455838;405,6000061;0,732562363
355,1999817;0,219254658;405,1999817;0,725555062
354,7999878;0,218946323;404,7999878;0,718569398
354,3999939;0,218748033;404,3999939;0,711887658
354;0,218824804;404;0,705340624
353,6000061;0,218326002;403,6000061;0,699296117
353,1999817;0,218564987;403,1999817;0,694036067
352,7999878;0,218875185;402,7999878;0,688173533
352,3999939;0,218847334;402,3999939;0,683084607
352;0,219395816;402;0,677934647
351,6000061;0,219911575;401,6000061;0,673404515
351,1999817;0,220203176;401,1999817;0,669314563
350,7999878;0,220663399;400,7999878;0,665073216
350,3999939;0,22115317;400,3999939;0,66108489
350;0,221557915;400;0,657312572
;;399,6000061;0,654393792
;;399,1999817;0,651324928
;;398,7999878;0,64844501
;;398,3999939;0,645782292
;;398;0,643997431
;;397,6000061;0,641478658
;;397,1999817;0,639461637
;;396,7999878;0,637605071
;;396,3999939;0,636020303
;;396;0,634567499
;;395,6000061;0,632864118
;;395,1999817;0,631544471
;;394,7999878;0,630312502
;;394,3999939;0,62906605
;;394;0,627654254
;;393,6000061;0,626977384
;;393,1999817;0,625477314
;;392,7999878;0,624729633
;;392,3999939;0,623808324
;;392;0,623024881
;;391,6000061;0,621985078
;;391,1999817;0,621076286
;;390,7999878;0,620448887
;;390,3999939;0,619667471
;;390;0,618286192
;;389,6000061;0,617604673
;;389,1999817;0,616832018
;;388,7999878;0,616252601
;;388,3999939;0,615159929
;;388;0,614114702
;;387,6000061;0,613313377
;;387,1999817;0,61195004
;;386,7999878;0,611426473
;;386,3999939;0,610296249
;;386;0,609245896
;;385,6000061;0,608365059
;;385,1999817;0,606750727
;;384,7999878;0,605501413
;;384,3999939;0,604200304
;;384;0,602562487
;;383,6000061;0,600748241
;;383,1999817;0,598903537
;;382,7999878;0,597271681
;;382,3999939;0,595223367
;;382;0,593049347
;;381,6000061;0,590654314
;;381,1999817;0,588011563
;;380,7999878;0,585437298
;;380,3999939;0,582318187
;;380;0,579380333
;;379,6000061;0,576590657
;;379,1999817;0,573165417
;;378,7999878;0,569746614
;;378,3999939;0,566522956
;;378;0,563272953
;;377,6000061;0,559409261
;;377,1999817;0,555397809
;;376,7999878;0,551626265
;;376,3999939;0,547774553
;;376;0,543446422
;;375,6000061;0,539558053
;;375,1999817;0,535430729
;;374,7999878;0,531456411
;;374,3999939;0,527529597
;;374;0,523733318
;;373,6000061;0,519546747
;;373,1999817;0,515281439
;;372,7999878;0,511445582
;;372,3999939;0,507014155
;;372;0,503121018
;;371,6000061;0,499111772
;;371,1999817;0,495797992
;;370,7999878;0,491970331
;;370,3999939;0,488500297
;;370;0,484756827
;;369,6000061;0,480960459
;;369,1999817;0,477575511
;;368,7999878;0,474270642
;;368,3999939;0,471390277
;;368;0,46781823
;;367,6000061;0,464206725
;;367,1999817;0,461197764
;;366,7999878;0,458366215
;;366,3999939;0,45589599
;;366;0,452937871
;;365,6000061;0,450226694
;;365,1999817;0,447288334
;;364,7999878;0,444613218
;;364,3999939;0,442250401
;;364;0,439935237
;;363,6000061;0,437546402
;;363,1999817;0,434985787
;;362,7999878;0,432603777
;;362,3999939;0,430382311
;;362;0,428095013
;;361,6000061;0,425918847
;;361,1999817;0,423638254
;;360,7999878;0,421620011
;;360,3999939;0,419231951
;;360;0,417265117
;;359,6000061;0,415226698
;;359,1999817;0,413352311
;;358,7999878;0,411453813
;;358,3999939;0,409271091
;;358;0,407383829
;;357,6000061;0,405892551
;;357,1999817;0,404256284
;;356,7999878;0,402657449
;;356,3999939;0,401671439
;;356;0,400353462
;;355,6000061;0,39921248
;;355,1999817;0,398100376
;;354,7999878;0,397222817
;;354,3999939;0,396524668
;;354;0,395765841
;;353,6000061;0,39554292
;;353,1999817;0,395110011
;;352,7999878;0,395301729
;;352,3999939;0,395241499
;;352;0,395365238
;;351,6000061;0,395688295
;;351,1999817;0,396402985
;;350,7999878;0,397382319
;;350,3999939;0,397865415
;;350;0,398897201
